Timestamp, Sequence Number, SubPoint Number, Vertix Number, Comment, X, Y, Intended X, Intended Y, Scan Velocity, Laser State, Laser Rep. Rate, Spot Type, Spot Size, Spot Angle, MFC1, MFC2, Cell Pressure, Fluence At Sample
2024-11-11 13:23:55.621,1,1,,NIST-610-1,41957,12596,,,,Off,0,Manual: B,50,0,0,0,0,
2024-11-11 13:23:55.621,,,,,41957,12596,,,5,Off,0,Manual: B,50,0,0,0,0,
2024-11-11 13:23:55.621,,,,,41957,12596,41957,12596,,Off,0,Manual: B,50,0,0,0,0,
2024-11-11 13:23:55.793,,,,,41957,12596,,,,On,10,Manual: B,50,0,0,0,0,
2024-11-11 13:24:41.012,,,,,41957,12596,,,,Off,0,Manual: B,50,0,0,0,0,
2024-11-11 13:25:01.591,2,1,,NIST-610-2,41991,12675,,,,Off,0,Manual: B,50,0,0,0,0,
2024-11-11 13:25:01.591,,,,,41991,12675,,,5,Off,0,Manual: B,50,0,0,0,0,
2024-11-11 13:25:01.591,,,,,41991,12675,41991,12675,,Off,0,Manual: B,50,0,0,0,0,
2024-11-11 13:25:01.669,,,,,41991,12675,,,,On,10,Manual: B,50,0,0,0,0,
2024-11-11 13:25:46.951,,,,,41991,12675,,,,Off,0,Manual: B,50,0,0,0,0,
2024-11-11 13:26:07.560,3,1,,NIST-610-3,42098,12687,,,,Off,0,Manual: B,50,0,0,0,0,
2024-11-11 13:26:07.560,,,,,42098,12687,,,5,Off,0,Manual: B,50,0,0,0,0,
2024-11-11 13:26:07.560,,,,,42098,12687,42098,12687,,Off,0,Manual: B,50,0,0,0,0,
2024-11-11 13:26:07.622,,,,,42098,12687,,,,On,10,Manual: B,50,0,0,0,0,
2024-11-11 13:26:53.029,,,,,42098,12687,,,,Off,0,Manual: B,50,0,0,0,0,
2024-11-11 13:27:19.467,4,1,,GSE-1G-1,79025,82672,,,,Off,0,Manual: B,50,0,0,0,0,
2024-11-11 13:27:19.467,,,,,79025,82672,,,5,Off,0,Manual: B,50,0,0,0,0,
2024-11-11 13:27:19.467,,,,,79025,82672,79025,82672,,Off,0,Manual: B,50,0,0,0,0,
2024-11-11 13:27:19.576,,,,,79025,82672,,,,On,10,Manual: B,50,0,0,0,0,
2024-11-11 13:28:04.842,,,,,79025,82672,,,,Off,0,Manual: B,50,0,0,0,0,
2024-11-11 13:28:25.467,5,1,,GSE-1G-2,79166,82679,,,,Off,0,Manual: B,50,0,0,0,0,
2024-11-11 13:28:25.467,,,,,79166,82679,,,5,Off,0,Manual: B,50,0,0,0,0,
2024-11-11 13:28:25.467,,,,,79166,82679,79166,82679,,Off,0,Manual: B,50,0,0,0,0,
2024-11-11 13:28:25.592,,,,,79166,82679,,,,On,10,Manual: B,50,0,0,0,0,
2024-11-11 13:29:10.905,,,,,79166,82679,,,,Off,0,Manual: B,50,0,0,0,0,
2024-11-11 13:29:33.342,6,1,,GSC-1G-1,57961,83087,,,,Off,0,Manual: B,50,0,0,0,0,
2024-11-11 13:29:33.342,,,,,57961,83087,,,5,Off,0,Manual: B,50,0,0,0,0,
2024-11-11 13:29:33.342,,,,,57961,83087,57961,83087,,Off,0,Manual: B,50,0,0,0,0,
2024-11-11 13:29:33.515,,,,,57961,83087,,,,On,10,Manual: B,50,0,0,0,0,
2024-11-11 13:30:18.733,,,,,57961,83087,,,,Off,0,Manual: B,50,0,0,0,0,
2024-11-11 13:30:39.437,7,1,,GSC-1G-2,58112,83101,,,,Off,0,Manual: B,50,0,0,0,0,
2024-11-11 13:30:39.437,,,,,58112,83101,,,5,Off,0,Manual: B,50,0,0,0,0,
2024-11-11 13:30:39.437,,,,,58112,83101,58112,83101,,Off,0,Manual: B,50,0,0,0,0,
2024-11-11 13:30:39.562,,,,,58112,83101,,,,On,10,Manual: B,50,0,0,0,0,
2024-11-11 13:31:25.015,,,,,58112,83101,,,,Off,0,Manual: B,50,0,0,0,0,
2024-11-11 13:31:47.422,8,1,,BCR2G-1,36294,84014,,,,Off,0,Manual: B,50,0,0,0,0,
2024-11-11 13:31:47.422,,,,,36294,84014,,,5,Off,0,Manual: B,50,0,0,0,0,
2024-11-11 13:31:47.422,,,,,36294,84014,36294,84014,,Off,0,Manual: B,50,0,0,0,0,
2024-11-11 13:31:47.656,,,,,36294,84014,,,,On,10,Manual: B,50,0,0,0,0,
2024-11-11 13:32:32.844,,,,,36294,84014,,,,Off,0,Manual: B,50,0,0,0,0,
2024-11-11 13:32:53.610,9,1,,BCR2G-2,36358,84000,,,,Off,0,Manual: B,50,0,0,0,0,
2024-11-11 13:32:53.610,,,,,36358,84000,,,5,Off,0,Manual: B,50,0,0,0,0,
2024-11-11 13:32:53.610,,,,,36358,84000,36358,84000,,Off,0,Manual: B,50,0,0,0,0,
2024-11-11 13:32:53.688,,,,,36358,84000,,,,On,10,Manual: B,50,0,0,0,0,
2024-11-11 13:33:38.922,,,,,36358,84000,,,,Off,0,Manual: B,50,0,0,0,0,
2024-11-11 13:34:01.422,10,1,,BHVO-2G-1,13601,85076,,,,Off,0,Manual: B,50,0,0,0,0,
2024-11-11 13:34:01.422,,,,,13601,85076,,,5,Off,0,Manual: B,50,0,0,0,0,
2024-11-11 13:34:01.422,,,,,13601,85076,13601,85076,,Off,0,Manual: B,50,0,0,0,0,
2024-11-11 13:34:01.485,,,,,13601,85076,,,,On,10,Manual: B,50,0,0,0,0,
2024-11-11 13:34:46.766,,,,,13601,85076,,,,Off,0,Manual: B,50,0,0,0,0,
2024-11-11 13:35:07.251,11,1,,BHVO-2G-2,13666,85060,,,,Off,0,Manual: B,50,0,0,0,0,
2024-11-11 13:35:07.251,,,,,13666,85060,,,5,Off,0,Manual: B,50,0,0,0,0,
2024-11-11 13:35:07.251,,,,,13666,85060,13666,85060,,Off,0,Manual: B,50,0,0,0,0,
2024-11-11 13:35:07.344,,,,,13666,85060,,,,On,10,Manual: B,50,0,0,0,0,
2024-11-11 13:35:52.595,,,,,13666,85060,,,,Off,0,Manual: B,50,0,0,0,0,
2024-11-11 13:36:19.252,12,1,,MERCEDITA-1,70301,13555,,,,Off,0,Manual: B,50,0,0,0,0,
2024-11-11 13:36:19.252,,,,,70301,13555,,,5,Off,0,Manual: B,50,0,0,0,0,
2024-11-11 13:36:19.252,,,,,70301,13555,70301,13555,,Off,0,Manual: B,50,0,0,0,0,
2024-11-11 13:36:19.329,,,,,70301,13555,,,,On,10,Manual: B,50,0,0,0,0,
2024-11-11 13:37:04.627,,,,,70301,13555,,,,Off,0,Manual: B,50,0,0,0,0,
2024-11-11 13:37:25.268,13,1,,MERCEDITA-2,70379,13602,,,,Off,0,Manual: B,50,0,0,0,0,
2024-11-11 13:37:25.268,,,,,70379,13602,,,5,Off,0,Manual: B,50,0,0,0,0,
2024-11-11 13:37:25.268,,,,,70379,13602,70379,13602,,Off,0,Manual: B,50,0,0,0,0,
2024-11-11 13:37:25.345,,,,,70379,13602,,,,On,10,Manual: B,50,0,0,0,0,
2024-11-11 13:38:10.643,,,,,70379,13602,,,,Off,0,Manual: B,50,0,0,0,0,
2024-11-11 13:38:33.596,14,1,,222a-1,59013,41344,,,,Off,0,Manual: B,50,0,0,0,0,
2024-11-11 13:38:33.596,,,,,59013,41344,,,5,Off,0,Manual: B,50,0,0,0,0,
2024-11-11 13:38:33.596,,,,,59013,41344,59013,41344,,Off,0,Manual: B,50,0,0,0,0,
2024-11-11 13:38:33.721,,,,,59013,41344,,,,On,10,Manual: B,50,0,0,0,0,
2024-11-11 13:39:19.034,,,,,59013,41344,,,,Off,0,Manual: B,50,0,0,0,0,
2024-11-11 13:39:39.534,15,1,,222a-2,58965,41415,,,,Off,0,Manual: B,50,0,0,0,0,
2024-11-11 13:39:39.534,,,,,58965,41415,,,5,Off,0,Manual: B,50,0,0,0,0,
2024-11-11 13:39:39.534,,,,,58965,41415,58965,41415,,Off,0,Manual: B,50,0,0,0,0,
2024-11-11 13:39:39.612,,,,,58965,41415,,,,On,10,Manual: B,50,0,0,0,0,
2024-11-11 13:40:24.878,,,,,58965,41415,,,,Off,0,Manual: B,50,0,0,0,0,
2024-11-11 13:40:45.582,16,1,,222a-3,59397,40800,,,,Off,0,Manual: B,50,0,0,0,0,
2024-11-11 13:40:45.582,,,,,59397,40800,,,5,Off,0,Manual: B,50,0,0,0,0,
2024-11-11 13:40:45.582,,,,,59397,40800,59397,40800,,Off,0,Manual: B,50,0,0,0,0,
2024-11-11 13:40:45.644,,,,,59397,40800,,,,On,10,Manual: B,50,0,0,0,0,
2024-11-11 13:41:30.910,,,,,59397,40800,,,,Off,0,Manual: B,50,0,0,0,0,
2024-11-11 13:41:51.411,17,1,,222a-4,59423,40738,,,,Off,0,Manual: B,50,0,0,0,0,
2024-11-11 13:41:51.411,,,,,59423,40738,,,5,Off,0,Manual: B,50,0,0,0,0,
2024-11-11 13:41:51.411,,,,,59423,40738,59423,40738,,Off,0,Manual: B,50,0,0,0,0,
2024-11-11 13:41:51.473,,,,,59423,40738,,,,On,10,Manual: B,50,0,0,0,0,
2024-11-11 13:42:36.896,,,,,59423,40738,,,,Off,0,Manual: B,50,0,0,0,0,
2024-11-11 13:42:57.553,18,1,,223a-1,58717,38675,,,,Off,0,Manual: B,50,0,0,0,0,
2024-11-11 13:42:57.553,,,,,58717,38675,,,5,Off,0,Manual: B,50,0,0,0,0,
2024-11-11 13:42:57.553,,,,,58717,38675,58717,38675,,Off,0,Manual: B,50,0,0,0,0,
2024-11-11 13:42:57.615,,,,,58717,38675,,,,On,10,Manual: B,50,0,0,0,0,
2024-11-11 13:43:42.937,,,,,58717,38675,,,,Off,0,Manual: B,50,0,0,0,0,
2024-11-11 13:44:03.448,19,1,,223a-2,58761,38770,,,,Off,0,Manual: B,50,0,0,0,0,
2024-11-11 13:44:03.448,,,,,58761,38770,,,5,Off,0,Manual: B,50,0,0,0,0,
2024-11-11 13:44:03.448,,,,,58761,38770,58761,38770,,Off,0,Manual: B,50,0,0,0,0,
2024-11-11 13:44:03.589,,,,,58761,38770,,,,On,10,Manual: B,50,0,0,0,0,
2024-11-11 13:44:49.001,,,,,58761,38770,,,,Off,0,Manual: B,50,0,0,0,0,
2024-11-11 13:45:09.621,20,1,,233-1,58882,38583,,,,Off,0,Manual: B,50,0,0,0,0,
2024-11-11 13:45:09.621,,,,,58882,38583,,,5,Off,0,Manual: B,50,0,0,0,0,
2024-11-11 13:45:09.621,,,,,58882,38583,58882,38583,,Off,0,Manual: B,50,0,0,0,0,
2024-11-11 13:45:09.684,,,,,58882,38583,,,,On,10,Manual: B,50,0,0,0,0,
2024-11-11 13:45:55.033,,,,,58882,38583,,,,Off,0,Manual: B,50,0,0,0,0,
2024-11-11 13:46:15.685,21,1,,233-2,58913,38679,,,,Off,0,Manual: B,50,0,0,0,0,
2024-11-11 13:46:15.685,,,,,58913,38679,,,5,Off,0,Manual: B,50,0,0,0,0,
2024-11-11 13:46:15.685,,,,,58913,38679,58913,38679,,Off,0,Manual: B,50,0,0,0,0,
2024-11-11 13:46:15.747,,,,,58913,38679,,,,On,10,Manual: B,50,0,0,0,0,
2024-11-11 13:47:01.050,,,,,58913,38679,,,,Off,0,Manual: B,50,0,0,0,0,
2024-11-11 13:47:21.685,22,1,,233-3,58767,38523,,,,Off,0,Manual: B,50,0,0,0,0,
2024-11-11 13:47:21.685,,,,,58767,38523,,,5,Off,0,Manual: B,50,0,0,0,0,
2024-11-11 13:47:21.685,,,,,58767,38523,58767,38523,,Off,0,Manual: B,50,0,0,0,0,
2024-11-11 13:47:21.747,,,,,58767,38523,,,,On,10,Manual: B,50,0,0,0,0,
2024-11-11 13:48:07.065,,,,,58767,38523,,,,Off,0,Manual: B,50,0,0,0,0,
2024-11-11 13:48:27.655,23,1,,234a-1,58090,39148,,,,Off,0,Manual: B,50,0,0,0,0,
2024-11-11 13:48:27.655,,,,,58090,39148,,,5,Off,0,Manual: B,50,0,0,0,0,
2024-11-11 13:48:27.655,,,,,58090,39148,58090,39148,,Off,0,Manual: B,50,0,0,0,0,
2024-11-11 13:48:27.764,,,,,58090,39148,,,,On,10,Manual: B,50,0,0,0,0,
2024-11-11 13:49:13.051,,,,,58090,39148,,,,Off,0,Manual: B,50,0,0,0,0,
2024-11-11 13:49:33.687,24,1,,234a-2,58056,39059,,,,Off,0,Manual: B,50,0,0,0,0,
2024-11-11 13:49:33.687,,,,,58056,39059,,,5,Off,0,Manual: B,50,0,0,0,0,
2024-11-11 13:49:33.687,,,,,58056,39059,58056,39059,,Off,0,Manual: B,50,0,0,0,0,
2024-11-11 13:49:33.765,,,,,58056,39059,,,,On,10,Manual: B,50,0,0,0,0,
2024-11-11 13:50:19.099,,,,,58056,39059,,,,Off,0,Manual: B,50,0,0,0,0,
2024-11-11 13:50:39.641,25,1,,234 borde homogeneo-1,57914,39106,,,,Off,0,Manual: B,50,0,0,0,0,
2024-11-11 13:50:39.641,,,,,57914,39106,,,5,Off,0,Manual: B,50,0,0,0,0,
2024-11-11 13:50:39.641,,,,,57914,39106,57914,39106,,Off,0,Manual: B,50,0,0,0,0,
2024-11-11 13:50:39.735,,,,,57914,39106,,,,On,10,Manual: B,50,0,0,0,0,
2024-11-11 13:51:25.131,,,,,57914,39106,,,,Off,0,Manual: B,50,0,0,0,0,
2024-11-11 13:51:45.674,26,1,,234 borde homogeneo-2,57903,38966,,,,Off,0,Manual: B,50,0,0,0,0,
2024-11-11 13:51:45.674,,,,,57903,38966,,,5,Off,0,Manual: B,50,0,0,0,0,
2024-11-11 13:51:45.674,,,,,57903,38966,57903,38966,,Off,0,Manual: B,50,0,0,0,0,
2024-11-11 13:51:45.767,,,,,57903,38966,,,,On,10,Manual: B,50,0,0,0,0,
2024-11-11 13:52:31.195,,,,,57903,38966,,,,Off,0,Manual: B,50,0,0,0,0,
2024-11-11 13:52:51.816,27,1,,234 borde poroso-1,57856,39305,,,,Off,0,Manual: B,50,0,0,0,0,
2024-11-11 13:52:51.816,,,,,57856,39305,,,5,Off,0,Manual: B,50,0,0,0,0,
2024-11-11 13:52:51.816,,,,,57856,39305,57856,39305,,Off,0,Manual: B,50,0,0,0,0,
2024-11-11 13:52:51.894,,,,,57856,39305,,,,On,10,Manual: B,50,0,0,0,0,
2024-11-11 13:53:37.228,,,,,57856,39305,,,,Off,0,Manual: B,50,0,0,0,0,
2024-11-11 13:53:57.832,28,1,,234 borde poroso-1,57863,39412,,,,Off,0,Manual: B,50,0,0,0,0,
2024-11-11 13:53:57.832,,,,,57863,39412,,,5,Off,0,Manual: B,50,0,0,0,0,
2024-11-11 13:53:57.832,,,,,57863,39412,57863,39412,,Off,0,Manual: B,50,0,0,0,0,
2024-11-11 13:53:57.895,,,,,57863,39412,,,,On,10,Manual: B,50,0,0,0,0,
2024-11-11 13:54:43.229,,,,,57863,39412,,,,Off,0,Manual: B,50,0,0,0,0,
2024-11-11 13:55:05.115,29,1,,202a,71644,55839,,,,Off,0,Manual: B,50,0,0,0,0,
2024-11-11 13:55:05.115,,,,,71644,55839,,,5,Off,0,Manual: B,50,0,0,0,0,
2024-11-11 13:55:05.115,,,,,71644,55839,71644,55839,,Off,0,Manual: B,50,0,0,0,0,
2024-11-11 13:55:05.177,,,,,71644,55839,,,,On,10,Manual: B,50,0,0,0,0,
2024-11-11 13:55:50.355,,,,,71644,55839,,,,Off,0,Manual: B,50,0,0,0,0,
2024-11-11 13:56:11.116,30,1,,202b,71720,55832,,,,Off,0,Manual: B,50,0,0,0,0,
2024-11-11 13:56:11.116,,,,,71720,55832,,,5,Off,0,Manual: B,50,0,0,0,0,
2024-11-11 13:56:11.116,,,,,71720,55832,71720,55832,,Off,0,Manual: B,50,0,0,0,0,
2024-11-11 13:56:11.178,,,,,71720,55832,,,,On,10,Manual: B,50,0,0,0,0,
2024-11-11 13:56:56.387,,,,,71720,55832,,,,Off,0,Manual: B,50,0,0,0,0,
2024-11-11 13:57:17.039,31,1,,202c,71462,55923,,,,Off,0,Manual: B,50,0,0,0,0,
2024-11-11 13:57:17.039,,,,,71462,55923,,,5,Off,0,Manual: B,50,0,0,0,0,
2024-11-11 13:57:17.039,,,,,71462,55923,71462,55923,,Off,0,Manual: B,50,0,0,0,0,
2024-11-11 13:57:17.117,,,,,71462,55923,,,,On,10,Manual: B,50,0,0,0,0,
2024-11-11 13:58:02.443,,,,,71462,55923,,,,Off,0,Manual: B,50,0,0,0,0,
2024-11-11 13:58:22.908,32,1,,202d,71421,55871,,,,Off,0,Manual: B,50,0,0,0,0,
2024-11-11 13:58:22.908,,,,,71421,55871,,,5,Off,0,Manual: B,50,0,0,0,0,
2024-11-11 13:58:22.908,,,,,71421,55871,71421,55871,,Off,0,Manual: B,50,0,0,0,0,
2024-11-11 13:58:22.986,,,,,71421,55871,,,,On,10,Manual: B,50,0,0,0,0,
2024-11-11 13:59:08.335,,,,,71421,55871,,,,Off,0,Manual: B,50,0,0,0,0,
2024-11-11 13:59:29.018,33,1,,202 bordeporoso-1,71469,56084,,,,Off,0,Manual: B,50,0,0,0,0,
2024-11-11 13:59:29.018,,,,,71469,56084,,,5,Off,0,Manual: B,50,0,0,0,0,
2024-11-11 13:59:29.018,,,,,71469,56084,71469,56084,,Off,0,Manual: B,50,0,0,0,0,
2024-11-11 13:59:29.112,,,,,71469,56084,,,,On,10,Manual: B,50,0,0,0,0,
2024-11-11 14:00:14.415,,,,,71469,56084,,,,Off,0,Manual: B,50,0,0,0,0,
2024-11-11 14:00:34.928,34,1,,202 bordeporoso-2,71562,56107,,,,Off,0,Manual: B,50,0,0,0,0,
2024-11-11 14:00:34.928,,,,,71562,56107,,,5,Off,0,Manual: B,50,0,0,0,0,
2024-11-11 14:00:34.928,,,,,71562,56107,71562,56107,,Off,0,Manual: B,50,0,0,0,0,
2024-11-11 14:00:34.991,,,,,71562,56107,,,,On,10,Manual: B,50,0,0,0,0,
2024-11-11 14:01:20.225,,,,,71562,56107,,,,Off,0,Manual: B,50,0,0,0,0,
2024-11-11 14:01:40.882,35,1,,202f-1,71543,56176,,,,Off,0,Manual: B,50,0,0,0,0,
2024-11-11 14:01:40.882,,,,,71543,56176,,,5,Off,0,Manual: B,50,0,0,0,0,
2024-11-11 14:01:40.882,,,,,71543,56176,71543,56176,,Off,0,Manual: B,50,0,0,0,0,
2024-11-11 14:01:40.944,,,,,71543,56176,,,,On,10,Manual: B,50,0,0,0,0,
2024-11-11 14:02:26.242,,,,,71543,56176,,,,Off,0,Manual: B,50,0,0,0,0,
2024-11-11 14:02:46.773,36,1,,202f-2,71422,56161,,,,Off,0,Manual: B,50,0,0,0,0,
2024-11-11 14:02:46.773,,,,,71422,56161,,,5,Off,0,Manual: B,50,0,0,0,0,
2024-11-11 14:02:46.773,,,,,71422,56161,71422,56161,,Off,0,Manual: B,50,0,0,0,0,
2024-11-11 14:02:46.852,,,,,71422,56161,,,,On,10,Manual: B,50,0,0,0,0,
2024-11-11 14:03:32.055,,,,,71422,56161,,,,Off,0,Manual: B,50,0,0,0,0,
2024-11-11 14:03:52.665,37,1,,202f-3,71258,55713,,,,Off,0,Manual: B,50,0,0,0,0,
2024-11-11 14:03:52.665,,,,,71258,55713,,,5,Off,0,Manual: B,50,0,0,0,0,
2024-11-11 14:03:52.665,,,,,71258,55713,71258,55713,,Off,0,Manual: B,50,0,0,0,0,
2024-11-11 14:03:52.899,,,,,71258,55713,,,,On,10,Manual: B,50,0,0,0,0,
2024-11-11 14:04:38.103,,,,,71258,55713,,,,Off,0,Manual: B,50,0,0,0,0,
2024-11-11 14:04:59.603,38,1,,266a,63212,60770,,,,Off,0,Manual: B,50,0,0,0,0,
2024-11-11 14:04:59.603,,,,,63212,60770,,,5,Off,0,Manual: B,50,0,0,0,0,
2024-11-11 14:04:59.603,,,,,63212,60770,63212,60770,,Off,0,Manual: B,50,0,0,0,0,
2024-11-11 14:04:59.697,,,,,63212,60770,,,,On,10,Manual: B,50,0,0,0,0,
2024-11-11 14:05:44.931,,,,,63212,60770,,,,Off,0,Manual: B,50,0,0,0,0,
2024-11-11 14:06:05.932,39,1,,266b,63369,60819,,,,Off,0,Manual: B,50,0,0,0,0,
2024-11-11 14:06:05.932,,,,,63369,60819,,,5,Off,0,Manual: B,50,0,0,0,0,
2024-11-11 14:06:05.932,,,,,63369,60819,63369,60819,,Off,0,Manual: B,50,0,0,0,0,
2024-11-11 14:06:05.994,,,,,63369,60819,,,,On,10,Manual: B,50,0,0,0,0,
2024-11-11 14:06:51.417,,,,,63369,60819,,,,Off,0,Manual: B,50,0,0,0,0,
2024-11-11 14:07:12.105,40,1,,266c,63437,60947,,,,Off,0,Manual: B,50,0,0,0,0,
2024-11-11 14:07:12.105,,,,,63437,60947,,,5,Off,0,Manual: B,50,0,0,0,0,
2024-11-11 14:07:12.105,,,,,63437,60947,63437,60947,,Off,0,Manual: B,50,0,0,0,0,
2024-11-11 14:07:12.183,,,,,63437,60947,,,,On,10,Manual: B,50,0,0,0,0,
2024-11-11 14:07:57.433,,,,,63437,60947,,,,Off,0,Manual: B,50,0,0,0,0,
2024-11-11 14:08:18.012,41,1,,266 borde homogeneo-1,63562,60987,,,,Off,0,Manual: B,50,0,0,0,0,
2024-11-11 14:08:18.012,,,,,63562,60987,,,5,Off,0,Manual: B,50,0,0,0,0,
2024-11-11 14:08:18.012,,,,,63562,60987,63562,60987,,Off,0,Manual: B,50,0,0,0,0,
2024-11-11 14:08:18.105,,,,,63562,60987,,,,On,10,Manual: B,50,0,0,0,0,
2024-11-11 14:09:03.277,,,,,63562,60987,,,,Off,0,Manual: B,50,0,0,0,0,
2024-11-11 14:09:23.887,42,1,,266 borde homogeneo-2,63696,61015,,,,Off,0,Manual: B,50,0,0,0,0,
2024-11-11 14:09:23.887,,,,,63696,61015,,,5,Off,0,Manual: B,50,0,0,0,0,
2024-11-11 14:09:23.887,,,,,63696,61015,63696,61015,,Off,0,Manual: B,50,0,0,0,0,
2024-11-11 14:09:24.121,,,,,63696,61015,,,,On,10,Manual: B,50,0,0,0,0,
2024-11-11 14:10:09.528,,,,,63696,61015,,,,Off,0,Manual: B,50,0,0,0,0,
2024-11-11 14:10:30.199,43,1,,266 borde homogeneo-3,62963,60844,,,,Off,0,Manual: B,50,0,0,0,0,
2024-11-11 14:10:30.199,,,,,62963,60844,,,5,Off,0,Manual: B,50,0,0,0,0,
2024-11-11 14:10:30.199,,,,,62963,60844,62963,60844,,Off,0,Manual: B,50,0,0,0,0,
2024-11-11 14:10:30.261,,,,,62963,60844,,,,On,10,Manual: B,50,0,0,0,0,
2024-11-11 14:11:15.548,,,,,62963,60844,,,,Off,0,Manual: B,50,0,0,0,0,
2024-11-11 14:11:36.216,44,1,,266 borde homogeneo-4,62712,60763,,,,Off,0,Manual: B,50,0,0,0,0,
2024-11-11 14:11:36.216,,,,,62712,60763,,,5,Off,0,Manual: B,50,0,0,0,0,
2024-11-11 14:11:36.216,,,,,62712,60763,62712,60763,,Off,0,Manual: B,50,0,0,0,0,
2024-11-11 14:11:36.309,,,,,62712,60763,,,,On,10,Manual: B,50,0,0,0,0,
2024-11-11 14:12:21.580,,,,,62712,60763,,,,Off,0,Manual: B,50,0,0,0,0,
2024-11-11 14:12:44.200,45,1,,204a,64285,36712,,,,Off,0,Manual: B,50,0,0,0,0,
2024-11-11 14:12:44.200,,,,,64285,36712,,,5,Off,0,Manual: B,50,0,0,0,0,
2024-11-11 14:12:44.200,,,,,64285,36712,64285,36712,,Off,0,Manual: B,50,0,0,0,0,
2024-11-11 14:12:44.357,,,,,64285,36712,,,,On,10,Manual: B,50,0,0,0,0,
2024-11-11 14:13:30.034,,,,,64285,36712,,,,Off,0,Manual: B,50,0,0,0,0,
2024-11-11 14:13:50.607,46,1,,204a-2,64342,36795,,,,Off,0,Manual: B,50,0,0,0,0,
2024-11-11 14:13:50.607,,,,,64342,36795,,,5,Off,0,Manual: B,50,0,0,0,0,
2024-11-11 14:13:50.607,,,,,64342,36795,64342,36795,,Off,0,Manual: B,50,0,0,0,0,
2024-11-11 14:13:50.748,,,,,64342,36795,,,,On,10,Manual: B,50,0,0,0,0,
2024-11-11 14:14:35.941,,,,,64342,36795,,,,Off,0,Manual: B,50,0,0,0,0,
2024-11-11 14:14:56.624,47,1,,204a-3,64445,36562,,,,Off,0,Manual: B,50,0,0,0,0,
2024-11-11 14:14:56.624,,,,,64445,36562,,,5,Off,0,Manual: B,50,0,0,0,0,
2024-11-11 14:14:56.624,,,,,64445,36562,64445,36562,,Off,0,Manual: B,50,0,0,0,0,
2024-11-11 14:14:56.702,,,,,64445,36562,,,,On,10,Manual: B,50,0,0,0,0,
2024-11-11 14:15:42.035,,,,,64445,36562,,,,Off,0,Manual: B,50,0,0,0,0,
2024-11-11 14:16:02.749,48,1,,204a-4,64256,36922,,,,Off,0,Manual: B,50,0,0,0,0,
2024-11-11 14:16:02.749,,,,,64256,36922,,,5,Off,0,Manual: B,50,0,0,0,0,
2024-11-11 14:16:02.749,,,,,64256,36922,64256,36922,,Off,0,Manual: B,50,0,0,0,0,
2024-11-11 14:16:02.874,,,,,64256,36922,,,,On,10,Manual: B,50,0,0,0,0,
2024-11-11 14:16:48.192,,,,,64256,36922,,,,Off,0,Manual: B,50,0,0,0,0,
2024-11-11 14:17:08.797,49,1,,204b-1,64472,36783,,,,Off,0,Manual: B,50,0,0,0,0,
2024-11-11 14:17:08.797,,,,,64472,36783,,,5,Off,0,Manual: B,50,0,0,0,0,
2024-11-11 14:17:08.797,,,,,64472,36783,64472,36783,,Off,0,Manual: B,50,0,0,0,0,
2024-11-11 14:17:08.875,,,,,64472,36783,,,,On,10,Manual: B,50,0,0,0,0,
2024-11-11 14:17:54.093,,,,,64472,36783,,,,Off,0,Manual: B,50,0,0,0,0,
2024-11-11 14:18:14.744,50,1,,204b-2,64611,36554,,,,Off,0,Manual: B,50,0,0,0,0,
2024-11-11 14:18:14.744,,,,,64611,36554,,,5,Off,0,Manual: B,50,0,0,0,0,
2024-11-11 14:18:14.744,,,,,64611,36554,64611,36554,,Off,0,Manual: B,50,0,0,0,0,
2024-11-11 14:18:14.822,,,,,64611,36554,,,,On,10,Manual: B,50,0,0,0,0,
2024-11-11 14:19:00.140,,,,,64611,36554,,,,Off,0,Manual: B,50,0,0,0,0,
2024-11-11 14:19:20.823,51,1,,204b-3,64470,37118,,,,Off,0,Manual: B,50,0,0,0,0,
2024-11-11 14:19:20.823,,,,,64470,37118,,,5,Off,0,Manual: B,50,0,0,0,0,
2024-11-11 14:19:20.823,,,,,64470,37118,64470,37118,,Off,0,Manual: B,50,0,0,0,0,
2024-11-11 14:19:20.901,,,,,64470,37118,,,,On,10,Manual: B,50,0,0,0,0,
2024-11-11 14:20:06.219,,,,,64470,37118,,,,Off,0,Manual: B,50,0,0,0,0,
2024-11-11 14:20:26.886,52,1,,250a,64918,36072,,,,Off,0,Manual: B,50,0,0,0,0,
2024-11-11 14:20:26.886,,,,,64918,36072,,,5,Off,0,Manual: B,50,0,0,0,0,
2024-11-11 14:20:26.886,,,,,64918,36072,64918,36072,,Off,0,Manual: B,50,0,0,0,0,
2024-11-11 14:20:26.964,,,,,64918,36072,,,,On,10,Manual: B,50,0,0,0,0,
2024-11-11 14:21:12.267,,,,,64918,36072,,,,Off,0,Manual: B,50,0,0,0,0,
2024-11-11 14:21:32.934,53,1,,250b,64858,36028,,,,Off,0,Manual: B,50,0,0,0,0,
2024-11-11 14:21:32.934,,,,,64858,36028,,,5,Off,0,Manual: B,50,0,0,0,0,
2024-11-11 14:21:32.934,,,,,64858,36028,64858,36028,,Off,0,Manual: B,50,0,0,0,0,
2024-11-11 14:21:33.028,,,,,64858,36028,,,,On,10,Manual: B,50,0,0,0,0,
2024-11-11 14:22:18.346,,,,,64858,36028,,,,Off,0,Manual: B,50,0,0,0,0,
2024-11-11 14:22:39.028,54,1,,250c,64810,35975,,,,Off,0,Manual: B,50,0,0,0,0,
2024-11-11 14:22:39.028,,,,,64810,35975,,,5,Off,0,Manual: B,50,0,0,0,0,
2024-11-11 14:22:39.028,,,,,64810,35975,64810,35975,,Off,0,Manual: B,50,0,0,0,0,
2024-11-11 14:22:39.107,,,,,64810,35975,,,,On,10,Manual: B,50,0,0,0,0,
2024-11-11 14:23:24.456,,,,,64810,35975,,,,Off,0,Manual: B,50,0,0,0,0,
2024-11-11 14:23:45.029,55,1,,250d,64768,35914,,,,Off,0,Manual: B,50,0,0,0,0,
2024-11-11 14:23:45.029,,,,,64768,35914,,,5,Off,0,Manual: B,50,0,0,0,0,
2024-11-11 14:23:45.029,,,,,64768,35914,64768,35914,,Off,0,Manual: B,50,0,0,0,0,
2024-11-11 14:23:45.123,,,,,64768,35914,,,,On,10,Manual: B,50,0,0,0,0,
2024-11-11 14:24:30.472,,,,,64768,35914,,,,Off,0,Manual: B,50,0,0,0,0,
2024-11-11 14:24:51.233,56,1,,252a,61222,34787,,,,Off,0,Manual: B,50,0,0,0,0,
2024-11-11 14:24:51.233,,,,,61222,34787,,,5,Off,0,Manual: B,50,0,0,0,0,
2024-11-11 14:24:51.233,,,,,61222,34787,61222,34787,,Off,0,Manual: B,50,0,0,0,0,
2024-11-11 14:24:51.295,,,,,61222,34787,,,,On,10,Manual: B,50,0,0,0,0,
2024-11-11 14:25:36.488,,,,,61222,34787,,,,Off,0,Manual: B,50,0,0,0,0,
2024-11-11 14:25:57.140,57,1,,252b,61228,34855,,,,Off,0,Manual: B,50,0,0,0,0,
2024-11-11 14:25:57.140,,,,,61228,34855,,,5,Off,0,Manual: B,50,0,0,0,0,
2024-11-11 14:25:57.140,,,,,61228,34855,61228,34855,,Off,0,Manual: B,50,0,0,0,0,
2024-11-11 14:25:57.203,,,,,61228,34855,,,,On,10,Manual: B,50,0,0,0,0,
2024-11-11 14:26:42.536,,,,,61228,34855,,,,Off,0,Manual: B,50,0,0,0,0,
2024-11-11 14:27:03.156,58,1,,252c,61232,34927,,,,Off,0,Manual: B,50,0,0,0,0,
2024-11-11 14:27:03.156,,,,,61232,34927,,,5,Off,0,Manual: B,50,0,0,0,0,
2024-11-11 14:27:03.156,,,,,61232,34927,61232,34927,,Off,0,Manual: B,50,0,0,0,0,
2024-11-11 14:27:03.266,,,,,61232,34927,,,,On,10,Manual: B,50,0,0,0,0,
2024-11-11 14:27:48.587,,,,,61232,34927,,,,Off,0,Manual: B,50,0,0,0,0,
2024-11-11 14:28:09.098,59,1,,252 borde homogeneo-1,61265,35039,,,,Off,0,Manual: B,50,0,0,0,0,
2024-11-11 14:28:09.098,,,,,61265,35039,,,5,Off,0,Manual: B,50,0,0,0,0,
2024-11-11 14:28:09.098,,,,,61265,35039,61265,35039,,Off,0,Manual: B,50,0,0,0,0,
2024-11-11 14:28:09.207,,,,,61265,35039,,,,On,10,Manual: B,50,0,0,0,0,
2024-11-11 14:28:54.634,,,,,61265,35039,,,,Off,0,Manual: B,50,0,0,0,0,
2024-11-11 14:29:15.161,60,1,,252 borde homogeneo-2,61108,34955,,,,Off,0,Manual: B,50,0,0,0,0,
2024-11-11 14:29:15.161,,,,,61108,34955,,,5,Off,0,Manual: B,50,0,0,0,0,
2024-11-11 14:29:15.161,,,,,61108,34955,61108,34955,,Off,0,Manual: B,50,0,0,0,0,
2024-11-11 14:29:15.270,,,,,61108,34955,,,,On,10,Manual: B,50,0,0,0,0,
2024-11-11 14:30:00.682,,,,,61108,34955,,,,Off,0,Manual: B,50,0,0,0,0,
2024-11-11 14:30:21.333,61,1,,252 borde homogeneo-3,61016,34621,,,,Off,0,Manual: B,50,0,0,0,0,
2024-11-11 14:30:21.333,,,,,61016,34621,,,5,Off,0,Manual: B,50,0,0,0,0,
2024-11-11 14:30:21.333,,,,,61016,34621,61016,34621,,Off,0,Manual: B,50,0,0,0,0,
2024-11-11 14:30:21.396,,,,,61016,34621,,,,On,10,Manual: B,50,0,0,0,0,
2024-11-11 14:31:06.745,,,,,61016,34621,,,,Off,0,Manual: B,50,0,0,0,0,
2024-11-11 14:31:29.006,62,1,,MERCEDITA-3,70348,13677,,,,Off,0,Manual: B,50,0,0,0,0,
2024-11-11 14:31:29.006,,,,,70348,13677,,,5,Off,0,Manual: B,50,0,0,0,0,
2024-11-11 14:31:29.006,,,,,70348,13677,70348,13677,,Off,0,Manual: B,50,0,0,0,0,
2024-11-11 14:31:29.099,,,,,70348,13677,,,,On,10,Manual: B,50,0,0,0,0,
2024-11-11 14:32:14.511,,,,,70348,13677,,,,Off,0,Manual: B,50,0,0,0,0,
2024-11-11 14:32:34.975,63,1,,MERCEDITA-4,70281,13644,,,,Off,0,Manual: B,50,0,0,0,0,
2024-11-11 14:32:34.975,,,,,70281,13644,,,5,Off,0,Manual: B,50,0,0,0,0,
2024-11-11 14:32:34.975,,,,,70281,13644,70281,13644,,Off,0,Manual: B,50,0,0,0,0,
2024-11-11 14:32:35.116,,,,,70281,13644,,,,On,10,Manual: B,50,0,0,0,0,
2024-11-11 14:33:20.527,,,,,70281,13644,,,,Off,0,Manual: B,50,0,0,0,0,
2024-11-11 14:33:43.444,64,1,,NIST-610-4,42044,12595,,,,Off,0,Manual: B,50,0,0,0,0,
2024-11-11 14:33:43.444,,,,,42044,12595,,,5,Off,0,Manual: B,50,0,0,0,0,
2024-11-11 14:33:43.444,,,,,42044,12595,42044,12595,,Off,0,Manual: B,50,0,0,0,0,
2024-11-11 14:33:43.522,,,,,42044,12595,,,,On,10,Manual: B,50,0,0,0,0,
2024-11-11 14:34:28.871,,,,,42044,12595,,,,Off,0,Manual: B,50,0,0,0,0,
2024-11-11 14:34:49.523,65,1,,NIST-610-5,42108,12492,,,,Off,0,Manual: B,50,0,0,0,0,
2024-11-11 14:34:49.523,,,,,42108,12492,,,5,Off,0,Manual: B,50,0,0,0,0,
2024-11-11 14:34:49.523,,,,,42108,12492,42108,12492,,Off,0,Manual: B,50,0,0,0,0,
2024-11-11 14:34:49.601,,,,,42108,12492,,,,On,10,Manual: B,50,0,0,0,0,
2024-11-11 14:35:34.934,,,,,42108,12492,,,,Off,0,Manual: B,50,0,0,0,0,
2024-11-11 14:35:55.383,66,1,,NIST-610-6,42157,12555,,,,Off,0,Manual: B,50,0,0,0,0,
2024-11-11 14:35:55.383,,,,,42157,12555,,,5,Off,0,Manual: B,50,0,0,0,0,
2024-11-11 14:35:55.383,,,,,42157,12555,42157,12555,,Off,0,Manual: B,50,0,0,0,0,
2024-11-11 14:35:55.445,,,,,42157,12555,,,,On,10,Manual: B,50,0,0,0,0,
2024-11-11 14:36:40.951,,,,,42157,12555,,,,Off,0,Manual: B,50,0,0,0,0,
2024-11-11 14:37:07.242,67,1,,GSE-1G-3,79282,82683,,,,Off,0,Manual: B,50,0,0,0,0,
2024-11-11 14:37:07.242,,,,,79282,82683,,,5,Off,0,Manual: B,50,0,0,0,0,
2024-11-11 14:37:07.242,,,,,79282,82683,79282,82683,,Off,0,Manual: B,50,0,0,0,0,
2024-11-11 14:37:07.367,,,,,79282,82683,,,,On,10,Manual: B,50,0,0,0,0,
2024-11-11 14:37:52.745,,,,,79282,82683,,,,Off,0,Manual: B,50,0,0,0,0,
2024-11-11 14:38:13.396,68,1,,GSE-1G-4,79466,82553,,,,Off,0,Manual: B,50,0,0,0,0,
2024-11-11 14:38:13.396,,,,,79466,82553,,,5,Off,0,Manual: B,50,0,0,0,0,
2024-11-11 14:38:13.396,,,,,79466,82553,79466,82553,,Off,0,Manual: B,50,0,0,0,0,
2024-11-11 14:38:13.490,,,,,79466,82553,,,,On,10,Manual: B,50,0,0,0,0,
2024-11-11 14:38:58.777,,,,,79466,82553,,,,Off,0,Manual: B,50,0,0,0,0,
2024-11-11 14:39:21.193,69,1,,GSC-1G-3,58172,83029,,,,Off,0,Manual: B,50,0,0,0,0,
2024-11-11 14:39:21.193,,,,,58172,83029,,,5,Off,0,Manual: B,50,0,0,0,0,
2024-11-11 14:39:21.193,,,,,58172,83029,58172,83029,,Off,0,Manual: B,50,0,0,0,0,
2024-11-11 14:39:21.381,,,,,58172,83029,,,,On,10,Manual: B,50,0,0,0,0,
2024-11-11 14:40:06.589,,,,,58172,83029,,,,Off,0,Manual: B,50,0,0,0,0,
2024-11-11 14:40:27.116,70,1,,GSC-1G-4,58178,83174,,,,Off,0,Manual: B,50,0,0,0,0,
2024-11-11 14:40:27.116,,,,,58178,83174,,,5,Off,0,Manual: B,50,0,0,0,0,
2024-11-11 14:40:27.116,,,,,58178,83174,58178,83174,,Off,0,Manual: B,50,0,0,0,0,
2024-11-11 14:40:27.194,,,,,58178,83174,,,,On,10,Manual: B,50,0,0,0,0,
2024-11-11 14:41:12.434,,,,,58178,83174,,,,Off,0,Manual: B,50,0,0,0,0,
2024-11-11 14:41:34.788,71,1,,BCR2G-3,36291,84108,,,,Off,0,Manual: B,50,0,0,0,0,
2024-11-11 14:41:34.788,,,,,36291,84108,,,5,Off,0,Manual: B,50,0,0,0,0,
2024-11-11 14:41:34.788,,,,,36291,84108,36291,84108,,Off,0,Manual: B,50,0,0,0,0,
2024-11-11 14:41:34.851,,,,,36291,84108,,,,On,10,Manual: B,50,0,0,0,0,
2024-11-11 14:42:20.153,,,,,36291,84108,,,,Off,0,Manual: B,50,0,0,0,0,
2024-11-11 14:42:40.836,72,1,,BCR2G-4,36423,84148,,,,Off,0,Manual: B,50,0,0,0,0,
2024-11-11 14:42:40.836,,,,,36423,84148,,,5,Off,0,Manual: B,50,0,0,0,0,
2024-11-11 14:42:40.836,,,,,36423,84148,36423,84148,,Off,0,Manual: B,50,0,0,0,0,
2024-11-11 14:42:40.898,,,,,36423,84148,,,,On,10,Manual: B,50,0,0,0,0,
2024-11-11 14:43:26.185,,,,,36423,84148,,,,Off,0,Manual: B,50,0,0,0,0,
2024-11-11 14:43:48.539,73,1,,BHVO-2G-3,13737,85063,,,,Off,0,Manual: B,50,0,0,0,0,
2024-11-11 14:43:48.539,,,,,13737,85063,,,5,Off,0,Manual: B,50,0,0,0,0,
2024-11-11 14:43:48.539,,,,,13737,85063,13737,85063,,Off,0,Manual: B,50,0,0,0,0,
2024-11-11 14:43:48.633,,,,,13737,85063,,,,On,10,Manual: B,50,0,0,0,0,
2024-11-11 14:44:33.919,,,,,13737,85063,,,,Off,0,Manual: B,50,0,0,0,0,
2024-11-11 14:44:54.524,74,1,,BHVO-2G-4,13726,85192,,,,Off,0,Manual: B,50,0,0,0,0,
2024-11-11 14:44:54.524,,,,,13726,85192,,,5,Off,0,Manual: B,50,0,0,0,0,
2024-11-11 14:44:54.524,,,,,13726,85192,13726,85192,,Off,0,Manual: B,50,0,0,0,0,
2024-11-11 14:44:54.633,,,,,13726,85192,,,,On,10,Manual: B,50,0,0,0,0,
2024-11-11 14:45:39.920,,,,,13726,85192,,,,Off,0,Manual: B,50,0,0,0,0,
2024-11-11 14:46:03.539,75,1,,206a,51152,64443,,,,Off,0,Manual: B,50,0,0,0,0,
2024-11-11 14:46:03.539,,,,,51152,64443,,,5,Off,0,Manual: B,50,0,0,0,0,
2024-11-11 14:46:03.539,,,,,51152,64443,51152,64443,,Off,0,Manual: B,50,0,0,0,0,
2024-11-11 14:46:03.602,,,,,51152,64443,,,,On,10,Manual: B,50,0,0,0,0,
2024-11-11 14:46:48.779,,,,,51152,64443,,,,Off,0,Manual: B,50,0,0,0,0,
2024-11-11 14:47:09.337,76,1,,206b,51239,64409,,,,Off,0,Manual: B,50,0,0,0,0,
2024-11-11 14:47:09.337,,,,,51239,64409,,,5,Off,0,Manual: B,50,0,0,0,0,
2024-11-11 14:47:09.337,,,,,51239,64409,51239,64409,,Off,0,Manual: B,50,0,0,0,0,
2024-11-11 14:47:09.446,,,,,51239,64409,,,,On,10,Manual: B,50,0,0,0,0,
2024-11-11 14:47:54.826,,,,,51239,64409,,,,Off,0,Manual: B,50,0,0,0,0,
2024-11-11 14:48:15.227,77,1,,206b-2,51269,64507,,,,Off,0,Manual: B,50,0,0,0,0,
2024-11-11 14:48:15.227,,,,,51269,64507,,,5,Off,0,Manual: B,50,0,0,0,0,
2024-11-11 14:48:15.227,,,,,51269,64507,51269,64507,,Off,0,Manual: B,50,0,0,0,0,
2024-11-11 14:48:15.305,,,,,51269,64507,,,,On,10,Manual: B,50,0,0,0,0,
2024-11-11 14:49:00.623,,,,,51269,64507,,,,Off,0,Manual: B,50,0,0,0,0,
2024-11-11 14:49:23.680,78,1,,255-1,55653,35628,,,,Off,0,Manual: B,50,0,0,0,0,
2024-11-11 14:49:23.680,,,,,55653,35628,,,5,Off,0,Manual: B,50,0,0,0,0,
2024-11-11 14:49:23.680,,,,,55653,35628,55653,35628,,Off,0,Manual: B,50,0,0,0,0,
2024-11-11 14:49:23.805,,,,,55653,35628,,,,On,10,Manual: B,50,0,0,0,0,
2024-11-11 14:50:09.092,,,,,55653,35628,,,,Off,0,Manual: B,50,0,0,0,0,
2024-11-11 14:50:29.540,79,1,,255-2,55678,35531,,,,Off,0,Manual: B,50,0,0,0,0,
2024-11-11 14:50:29.540,,,,,55678,35531,,,5,Off,0,Manual: B,50,0,0,0,0,
2024-11-11 14:50:29.540,,,,,55678,35531,55678,35531,,Off,0,Manual: B,50,0,0,0,0,
2024-11-11 14:50:29.665,,,,,55678,35531,,,,On,10,Manual: B,50,0,0,0,0,
2024-11-11 14:51:14.874,,,,,55678,35531,,,,Off,0,Manual: B,50,0,0,0,0,
2024-11-11 14:51:35.432,80,1,,255-3,55732,35454,,,,Off,0,Manual: B,50,0,0,0,0,
2024-11-11 14:51:35.432,,,,,55732,35454,,,5,Off,0,Manual: B,50,0,0,0,0,
2024-11-11 14:51:35.432,,,,,55732,35454,55732,35454,,Off,0,Manual: B,50,0,0,0,0,
2024-11-11 14:51:35.494,,,,,55732,35454,,,,On,10,Manual: B,50,0,0,0,0,
2024-11-11 14:52:20.703,,,,,55732,35454,,,,Off,0,Manual: B,50,0,0,0,0,
2024-11-11 14:52:41.292,81,1,,255 borde poroso-1,56023,35778,,,,Off,0,Manual: B,50,0,0,0,0,
2024-11-11 14:52:41.292,,,,,56023,35778,,,5,Off,0,Manual: B,50,0,0,0,0,
2024-11-11 14:52:41.292,,,,,56023,35778,56023,35778,,Off,0,Manual: B,50,0,0,0,0,
2024-11-11 14:52:41.385,,,,,56023,35778,,,,On,10,Manual: B,50,0,0,0,0,
2024-11-11 14:53:26.578,,,,,56023,35778,,,,Off,0,Manual: B,50,0,0,0,0,
2024-11-11 14:53:47.152,82,1,,255 borde poroso-2,56115,35717,,,,Off,0,Manual: B,50,0,0,0,0,
2024-11-11 14:53:47.152,,,,,56115,35717,,,5,Off,0,Manual: B,50,0,0,0,0,
2024-11-11 14:53:47.152,,,,,56115,35717,56115,35717,,Off,0,Manual: B,50,0,0,0,0,
2024-11-11 14:53:47.214,,,,,56115,35717,,,,On,10,Manual: B,50,0,0,0,0,
2024-11-11 14:54:32.485,,,,,56115,35717,,,,Off,0,Manual: B,50,0,0,0,0,
2024-11-11 14:54:53.027,83,1,,255 borde homogeneo-1,55831,35267,,,,Off,0,Manual: B,50,0,0,0,0,
2024-11-11 14:54:53.027,,,,,55831,35267,,,5,Off,0,Manual: B,50,0,0,0,0,
2024-11-11 14:54:53.027,,,,,55831,35267,55831,35267,,Off,0,Manual: B,50,0,0,0,0,
2024-11-11 14:54:53.137,,,,,55831,35267,,,,On,10,Manual: B,50,0,0,0,0,
2024-11-11 14:55:38.486,,,,,55831,35267,,,,Off,0,Manual: B,50,0,0,0,0,
2024-11-11 14:55:58.965,84,1,,255 borde homogeneo-2,55569,35329,,,,Off,0,Manual: B,50,0,0,0,0,
2024-11-11 14:55:58.965,,,,,55569,35329,,,5,Off,0,Manual: B,50,0,0,0,0,
2024-11-11 14:55:58.965,,,,,55569,35329,55569,35329,,Off,0,Manual: B,50,0,0,0,0,
2024-11-11 14:55:59.075,,,,,55569,35329,,,,On,10,Manual: B,50,0,0,0,0,
2024-11-11 14:56:44.252,,,,,55569,35329,,,,Off,0,Manual: B,50,0,0,0,0,
2024-11-11 14:57:07.465,85,1,,209a,23904,55002,,,,Off,0,Manual: B,50,0,0,0,0,
2024-11-11 14:57:07.465,,,,,23904,55002,,,5,Off,0,Manual: B,50,0,0,0,0,
2024-11-11 14:57:07.465,,,,,23904,55002,23904,55002,,Off,0,Manual: B,50,0,0,0,0,
2024-11-11 14:57:07.528,,,,,23904,55002,,,,On,10,Manual: B,50,0,0,0,0,
2024-11-11 14:57:52.734,,,,,23904,55002,,,,Off,0,Manual: B,50,0,0,0,0,
2024-11-11 14:58:13.230,86,1,,209b,23859,55070,,,,Off,0,Manual: B,50,0,0,0,0,
2024-11-11 14:58:13.230,,,,,23859,55070,,,5,Off,0,Manual: B,50,0,0,0,0,
2024-11-11 14:58:13.230,,,,,23859,55070,23859,55070,,Off,0,Manual: B,50,0,0,0,0,
2024-11-11 14:58:13.339,,,,,23859,55070,,,,On,10,Manual: B,50,0,0,0,0,
2024-11-11 14:58:58.657,,,,,23859,55070,,,,Off,0,Manual: B,50,0,0,0,0,
2024-11-11 14:59:19.152,87,1,,209f,23985,55101,,,,Off,0,Manual: B,50,0,0,0,0,
2024-11-11 14:59:19.152,,,,,23985,55101,,,5,Off,0,Manual: B,50,0,0,0,0,
2024-11-11 14:59:19.152,,,,,23985,55101,23985,55101,,Off,0,Manual: B,50,0,0,0,0,
2024-11-11 14:59:19.277,,,,,23985,55101,,,,On,10,Manual: B,50,0,0,0,0,
2024-11-11 15:00:04.657,,,,,23985,55101,,,,Off,0,Manual: B,50,0,0,0,0,
2024-11-11 15:00:25.293,88,1,,209h,24014,54961,,,,Off,0,Manual: B,50,0,0,0,0,
2024-11-11 15:00:25.293,,,,,24014,54961,,,5,Off,0,Manual: B,50,0,0,0,0,
2024-11-11 15:00:25.293,,,,,24014,54961,24014,54961,,Off,0,Manual: B,50,0,0,0,0,
2024-11-11 15:00:25.356,,,,,24014,54961,,,,On,10,Manual: B,50,0,0,0,0,
2024-11-11 15:01:10.642,,,,,24014,54961,,,,Off,0,Manual: B,50,0,0,0,0,
2024-11-11 15:01:31.200,89,1,,209g,24072,55021,,,,Off,0,Manual: B,50,0,0,0,0,
2024-11-11 15:01:31.200,,,,,24072,55021,,,5,Off,0,Manual: B,50,0,0,0,0,
2024-11-11 15:01:31.200,,,,,24072,55021,24072,55021,,Off,0,Manual: B,50,0,0,0,0,
2024-11-11 15:01:31.278,,,,,24072,55021,,,,On,10,Manual: B,50,0,0,0,0,
2024-11-11 15:02:16.690,,,,,24072,55021,,,,Off,0,Manual: B,50,0,0,0,0,
2024-11-11 15:02:37.420,90,1,,209e,23845,55158,,,,Off,0,Manual: B,50,0,0,0,0,
2024-11-11 15:02:37.420,,,,,23845,55158,,,5,Off,0,Manual: B,50,0,0,0,0,
2024-11-11 15:02:37.420,,,,,23845,55158,23845,55158,,Off,0,Manual: B,50,0,0,0,0,
2024-11-11 15:02:37.545,,,,,23845,55158,,,,On,10,Manual: B,50,0,0,0,0,
2024-11-11 15:03:22.800,,,,,23845,55158,,,,Off,0,Manual: B,50,0,0,0,0,
2024-11-11 15:03:43.514,91,1,,210a,23473,53666,,,,Off,0,Manual: B,50,0,0,0,0,
2024-11-11 15:03:43.514,,,,,23473,53666,,,5,Off,0,Manual: B,50,0,0,0,0,
2024-11-11 15:03:43.514,,,,,23473,53666,23473,53666,,Off,0,Manual: B,50,0,0,0,0,
2024-11-11 15:03:43.592,,,,,23473,53666,,,,On,10,Manual: B,50,0,0,0,0,
2024-11-11 15:04:28.863,,,,,23473,53666,,,,Off,0,Manual: B,50,0,0,0,0,
2024-11-11 15:04:49.561,92,1,,210b,23487,53473,,,,Off,0,Manual: B,50,0,0,0,0,
2024-11-11 15:04:49.561,,,,,23487,53473,,,5,Off,0,Manual: B,50,0,0,0,0,
2024-11-11 15:04:49.561,,,,,23487,53473,23487,53473,,Off,0,Manual: B,50,0,0,0,0,
2024-11-11 15:04:49.639,,,,,23487,53473,,,,On,10,Manual: B,50,0,0,0,0,
2024-11-11 15:05:34.895,,,,,23487,53473,,,,Off,0,Manual: B,50,0,0,0,0,
2024-11-11 15:05:55.406,93,1,,210d,23593,53648,,,,Off,0,Manual: B,50,0,0,0,0,
2024-11-11 15:05:55.406,,,,,23593,53648,,,5,Off,0,Manual: B,50,0,0,0,0,
2024-11-11 15:05:55.406,,,,,23593,53648,23593,53648,,Off,0,Manual: B,50,0,0,0,0,
2024-11-11 15:05:55.468,,,,,23593,53648,,,,On,10,Manual: B,50,0,0,0,0,
2024-11-11 15:06:40.817,,,,,23593,53648,,,,Off,0,Manual: B,50,0,0,0,0,
2024-11-11 15:07:01.484,94,1,,210e,23506,53791,,,,Off,0,Manual: B,50,0,0,0,0,
2024-11-11 15:07:01.484,,,,,23506,53791,,,5,Off,0,Manual: B,50,0,0,0,0,
2024-11-11 15:07:01.484,,,,,23506,53791,23506,53791,,Off,0,Manual: B,50,0,0,0,0,
2024-11-11 15:07:01.547,,,,,23506,53791,,,,On,10,Manual: B,50,0,0,0,0,
2024-11-11 15:07:46.889,,,,,23506,53791,,,,Off,0,Manual: B,50,0,0,0,0,
2024-11-11 15:08:08.540,95,1,,215a,25954,66104,,,,Off,0,Manual: B,50,0,0,0,0,
2024-11-11 15:08:08.540,,,,,25954,66104,,,5,Off,0,Manual: B,50,0,0,0,0,
2024-11-11 15:08:08.540,,,,,25954,66104,25954,66104,,Off,0,Manual: B,50,0,0,0,0,
2024-11-11 15:08:08.603,,,,,25954,66104,,,,On,10,Manual: B,50,0,0,0,0,
2024-11-11 15:08:53.921,,,,,25954,66104,,,,Off,0,Manual: B,50,0,0,0,0,
2024-11-11 15:09:14.510,96,1,,215b,25885,66133,,,,Off,0,Manual: B,50,0,0,0,0,
2024-11-11 15:09:14.510,,,,,25885,66133,,,5,Off,0,Manual: B,50,0,0,0,0,
2024-11-11 15:09:14.510,,,,,25885,66133,25885,66133,,Off,0,Manual: B,50,0,0,0,0,
2024-11-11 15:09:14.588,,,,,25885,66133,,,,On,10,Manual: B,50,0,0,0,0,
2024-11-11 15:09:59.906,,,,,25885,66133,,,,Off,0,Manual: B,50,0,0,0,0,
2024-11-11 15:10:20.480,97,1,,215c,25808,66165,,,,Off,0,Manual: B,50,0,0,0,0,
2024-11-11 15:10:20.480,,,,,25808,66165,,,5,Off,0,Manual: B,50,0,0,0,0,
2024-11-11 15:10:20.480,,,,,25808,66165,25808,66165,,Off,0,Manual: B,50,0,0,0,0,
2024-11-11 15:10:20.558,,,,,25808,66165,,,,On,10,Manual: B,50,0,0,0,0,
2024-11-11 15:11:05.923,,,,,25808,66165,,,,Off,0,Manual: B,50,0,0,0,0,
2024-11-11 15:11:26.497,98,1,,215d,25583,66383,,,,Off,0,Manual: B,50,0,0,0,0,
2024-11-11 15:11:26.497,,,,,25583,66383,,,5,Off,0,Manual: B,50,0,0,0,0,
2024-11-11 15:11:26.497,,,,,25583,66383,25583,66383,,Off,0,Manual: B,50,0,0,0,0,
2024-11-11 15:11:26.591,,,,,25583,66383,,,,On,10,Manual: B,50,0,0,0,0,
2024-11-11 15:12:11.956,,,,,25583,66383,,,,Off,0,Manual: B,50,0,0,0,0,
2024-11-11 15:12:34.623,99,1,,211a,30950,42359,,,,Off,0,Manual: B,50,0,0,0,0,
2024-11-11 15:12:34.623,,,,,30950,42359,,,5,Off,0,Manual: B,50,0,0,0,0,
2024-11-11 15:12:34.623,,,,,30950,42359,30950,42359,,Off,0,Manual: B,50,0,0,0,0,
2024-11-11 15:12:34.686,,,,,30950,42359,,,,On,10,Manual: B,50,0,0,0,0,
2024-11-11 15:13:20.004,,,,,30950,42359,,,,Off,0,Manual: B,50,0,0,0,0,
2024-11-11 15:13:40.563,100,1,,211b,30871,42365,,,,Off,0,Manual: B,50,0,0,0,0,
2024-11-11 15:13:40.563,,,,,30871,42365,,,5,Off,0,Manual: B,50,0,0,0,0,
2024-11-11 15:13:40.563,,,,,30871,42365,30871,42365,,Off,0,Manual: B,50,0,0,0,0,
2024-11-11 15:13:40.625,,,,,30871,42365,,,,On,10,Manual: B,50,0,0,0,0,
2024-11-11 15:14:26.069,,,,,30871,42365,,,,Off,0,Manual: B,50,0,0,0,0,
2024-11-11 15:14:46.627,101,1,,211c,30766,42363,,,,Off,0,Manual: B,50,0,0,0,0,
2024-11-11 15:14:46.627,,,,,30766,42363,,,5,Off,0,Manual: B,50,0,0,0,0,
2024-11-11 15:14:46.627,,,,,30766,42363,30766,42363,,Off,0,Manual: B,50,0,0,0,0,
2024-11-11 15:14:46.689,,,,,30766,42363,,,,On,10,Manual: B,50,0,0,0,0,
2024-11-11 15:15:32.086,,,,,30766,42363,,,,Off,0,Manual: B,50,0,0,0,0,
2024-11-11 15:15:52.691,102,1,,211 borde homogeneo1,30678,42273,,,,Off,0,Manual: B,50,0,0,0,0,
2024-11-11 15:15:52.691,,,,,30678,42273,,,5,Off,0,Manual: B,50,0,0,0,0,
2024-11-11 15:15:52.691,,,,,30678,42273,30678,42273,,Off,0,Manual: B,50,0,0,0,0,
2024-11-11 15:15:52.754,,,,,30678,42273,,,,On,10,Manual: B,50,0,0,0,0,
2024-11-11 15:16:38.103,,,,,30678,42273,,,,Off,0,Manual: B,50,0,0,0,0,
2024-11-11 15:16:58.818,103,1,,211 borde homogeneo2,31078,42253,,,,Off,0,Manual: B,50,0,0,0,0,
2024-11-11 15:16:58.818,,,,,31078,42253,,,5,Off,0,Manual: B,50,0,0,0,0,
2024-11-11 15:16:58.818,,,,,31078,42253,31078,42253,,Off,0,Manual: B,50,0,0,0,0,
2024-11-11 15:16:58.927,,,,,31078,42253,,,,On,10,Manual: B,50,0,0,0,0,
2024-11-11 15:17:44.155,,,,,31078,42253,,,,Off,0,Manual: B,50,0,0,0,0,
2024-11-11 15:18:04.979,104,1,,211 borde homogeneo3,31123,42371,,,,Off,0,Manual: B,50,0,0,0,0,
2024-11-11 15:18:04.979,,,,,31123,42371,,,5,Off,0,Manual: B,50,0,0,0,0,
2024-11-11 15:18:04.979,,,,,31123,42371,31123,42371,,Off,0,Manual: B,50,0,0,0,0,
2024-11-11 15:18:05.057,,,,,31123,42371,,,,On,10,Manual: B,50,0,0,0,0,
2024-11-11 15:18:50.282,,,,,31123,42371,,,,Off,0,Manual: B,50,0,0,0,0,
2024-11-11 15:19:11.152,105,1,,216a,28583,42234,,,,Off,0,Manual: B,50,0,0,0,0,
2024-11-11 15:19:11.152,,,,,28583,42234,,,5,Off,0,Manual: B,50,0,0,0,0,
2024-11-11 15:19:11.152,,,,,28583,42234,28583,42234,,Off,0,Manual: B,50,0,0,0,0,
2024-11-11 15:19:11.230,,,,,28583,42234,,,,On,10,Manual: B,50,0,0,0,0,
2024-11-11 15:19:56.486,,,,,28583,42234,,,,Off,0,Manual: B,50,0,0,0,0,
2024-11-11 15:20:17.092,106,1,,216c,28515,42317,,,,Off,0,Manual: B,50,0,0,0,0,
2024-11-11 15:20:17.092,,,,,28515,42317,,,5,Off,0,Manual: B,50,0,0,0,0,
2024-11-11 15:20:17.092,,,,,28515,42317,28515,42317,,Off,0,Manual: B,50,0,0,0,0,
2024-11-11 15:20:17.216,,,,,28515,42317,,,,On,10,Manual: B,50,0,0,0,0,
2024-11-11 15:21:02.504,,,,,28515,42317,,,,Off,0,Manual: B,50,0,0,0,0,
2024-11-11 15:21:22.968,107,1,,216d,28431,42367,,,,Off,0,Manual: B,50,0,0,0,0,
2024-11-11 15:21:22.968,,,,,28431,42367,,,5,Off,0,Manual: B,50,0,0,0,0,
2024-11-11 15:21:22.968,,,,,28431,42367,28431,42367,,Off,0,Manual: B,50,0,0,0,0,
2024-11-11 15:21:23.031,,,,,28431,42367,,,,On,10,Manual: B,50,0,0,0,0,
2024-11-11 15:22:08.271,,,,,28431,42367,,,,Off,0,Manual: B,50,0,0,0,0,
2024-11-11 15:22:28.918,108,1,,218a,28707,42177,,,,Off,0,Manual: B,50,0,0,0,0,
2024-11-11 15:22:28.918,,,,,28707,42177,,,5,Off,0,Manual: B,50,0,0,0,0,
2024-11-11 15:22:28.918,,,,,28707,42177,28707,42177,,Off,0,Manual: B,50,0,0,0,0,
2024-11-11 15:22:29.011,,,,,28707,42177,,,,On,10,Manual: B,50,0,0,0,0,
2024-11-11 15:23:14.247,,,,,28707,42177,,,,Off,0,Manual: B,50,0,0,0,0,
2024-11-11 15:23:34.841,109,1,,220c,28883,42178,,,,Off,0,Manual: B,50,0,0,0,0,
2024-11-11 15:23:34.841,,,,,28883,42178,,,5,Off,0,Manual: B,50,0,0,0,0,
2024-11-11 15:23:34.841,,,,,28883,42178,28883,42178,,Off,0,Manual: B,50,0,0,0,0,
2024-11-11 15:23:34.919,,,,,28883,42178,,,,On,10,Manual: B,50,0,0,0,0,
2024-11-11 15:24:20.311,,,,,28883,42178,,,,Off,0,Manual: B,50,0,0,0,0,
2024-11-11 15:24:40.733,110,1,,180d,28623,42152,,,,Off,0,Manual: B,50,0,0,0,0,
2024-11-11 15:24:40.733,,,,,28623,42152,,,5,Off,0,Manual: B,50,0,0,0,0,
2024-11-11 15:24:40.733,,,,,28623,42152,28623,42152,,Off,0,Manual: B,50,0,0,0,0,
2024-11-11 15:24:40.811,,,,,28623,42152,,,,On,10,Manual: B,50,0,0,0,0,
2024-11-11 15:25:26.016,,,,,28623,42152,,,,Off,0,Manual: B,50,0,0,0,0,
2024-11-11 15:25:46.438,111,1,,218e,28524,42178,,,,Off,0,Manual: B,50,0,0,0,0,
2024-11-11 15:25:46.438,,,,,28524,42178,,,5,Off,0,Manual: B,50,0,0,0,0,
2024-11-11 15:25:46.438,,,,,28524,42178,28524,42178,,Off,0,Manual: B,50,0,0,0,0,
2024-11-11 15:25:46.625,,,,,28524,42178,,,,On,10,Manual: B,50,0,0,0,0,
2024-11-11 15:26:31.861,,,,,28524,42178,,,,Off,0,Manual: B,50,0,0,0,0,
2024-11-11 15:26:52.330,112,1,,218f,28443,42192,,,,Off,0,Manual: B,50,0,0,0,0,
2024-11-11 15:26:52.330,,,,,28443,42192,,,5,Off,0,Manual: B,50,0,0,0,0,
2024-11-11 15:26:52.330,,,,,28443,42192,28443,42192,,Off,0,Manual: B,50,0,0,0,0,
2024-11-11 15:26:52.408,,,,,28443,42192,,,,On,10,Manual: B,50,0,0,0,0,
2024-11-11 15:27:37.659,,,,,28443,42192,,,,Off,0,Manual: B,50,0,0,0,0,
2024-11-11 15:27:58.238,113,1,,218h,28354,42132,,,,Off,0,Manual: B,50,0,0,0,0,
2024-11-11 15:27:58.238,,,,,28354,42132,,,5,Off,0,Manual: B,50,0,0,0,0,
2024-11-11 15:27:58.238,,,,,28354,42132,28354,42132,,Off,0,Manual: B,50,0,0,0,0,
2024-11-11 15:27:58.301,,,,,28354,42132,,,,On,10,Manual: B,50,0,0,0,0,
2024-11-11 15:28:43.536,,,,,28354,42132,,,,Off,0,Manual: B,50,0,0,0,0,
2024-11-11 15:29:04.115,114,1,,216e,28350,42408,,,,Off,0,Manual: B,50,0,0,0,0,
2024-11-11 15:29:04.115,,,,,28350,42408,,,5,Off,0,Manual: B,50,0,0,0,0,
2024-11-11 15:29:04.115,,,,,28350,42408,28350,42408,,Off,0,Manual: B,50,0,0,0,0,
2024-11-11 15:29:04.240,,,,,28350,42408,,,,On,10,Manual: B,50,0,0,0,0,
2024-11-11 15:29:49.459,,,,,28350,42408,,,,Off,0,Manual: B,50,0,0,0,0,
2024-11-11 15:30:11.476,115,1,,207a-1,25424,60063,,,,Off,0,Manual: B,50,0,0,0,0,
2024-11-11 15:30:11.476,,,,,25424,60063,,,5,Off,0,Manual: B,50,0,0,0,0,
2024-11-11 15:30:11.476,,,,,25424,60063,25424,60063,,Off,0,Manual: B,50,0,0,0,0,
2024-11-11 15:30:11.554,,,,,25424,60063,,,,On,10,Manual: B,50,0,0,0,0,
2024-11-11 15:30:56.805,,,,,25424,60063,,,,Off,0,Manual: B,50,0,0,0,0,
2024-11-11 15:31:17.383,116,1,,207a-2,25373,60132,,,,Off,0,Manual: B,50,0,0,0,0,
2024-11-11 15:31:17.383,,,,,25373,60132,,,5,Off,0,Manual: B,50,0,0,0,0,
2024-11-11 15:31:17.383,,,,,25373,60132,25373,60132,,Off,0,Manual: B,50,0,0,0,0,
2024-11-11 15:31:17.478,,,,,25373,60132,,,,On,10,Manual: B,50,0,0,0,0,
2024-11-11 15:32:02.713,,,,,25373,60132,,,,Off,0,Manual: B,50,0,0,0,0,
2024-11-11 15:32:23.229,117,1,,207a-3,25497,60157,,,,Off,0,Manual: B,50,0,0,0,0,
2024-11-11 15:32:23.229,,,,,25497,60157,,,5,Off,0,Manual: B,50,0,0,0,0,
2024-11-11 15:32:23.229,,,,,25497,60157,25497,60157,,Off,0,Manual: B,50,0,0,0,0,
2024-11-11 15:32:23.291,,,,,25497,60157,,,,On,10,Manual: B,50,0,0,0,0,
2024-11-11 15:33:08.612,,,,,25497,60157,,,,Off,0,Manual: B,50,0,0,0,0,
2024-11-11 15:33:29.279,118,1,,207a-4,25372,60343,,,,Off,0,Manual: B,50,0,0,0,0,
2024-11-11 15:33:29.279,,,,,25372,60343,,,5,Off,0,Manual: B,50,0,0,0,0,
2024-11-11 15:33:29.279,,,,,25372,60343,25372,60343,,Off,0,Manual: B,50,0,0,0,0,
2024-11-11 15:33:29.357,,,,,25372,60343,,,,On,10,Manual: B,50,0,0,0,0,
2024-11-11 15:34:14.645,,,,,25372,60343,,,,Off,0,Manual: B,50,0,0,0,0,
2024-11-11 15:34:35.234,119,1,,207a-5,25443,60518,,,,Off,0,Manual: B,50,0,0,0,0,
2024-11-11 15:34:35.234,,,,,25443,60518,,,5,Off,0,Manual: B,50,0,0,0,0,
2024-11-11 15:34:35.234,,,,,25443,60518,25443,60518,,Off,0,Manual: B,50,0,0,0,0,
2024-11-11 15:34:35.312,,,,,25443,60518,,,,On,10,Manual: B,50,0,0,0,0,
2024-11-11 15:35:20.693,,,,,25443,60518,,,,Off,0,Manual: B,50,0,0,0,0,
2024-11-11 15:35:41.252,120,1,,207 borde homogeneo-1,25397,60239,,,,Off,0,Manual: B,50,0,0,0,0,
2024-11-11 15:35:41.252,,,,,25397,60239,,,5,Off,0,Manual: B,50,0,0,0,0,
2024-11-11 15:35:41.252,,,,,25397,60239,25397,60239,,Off,0,Manual: B,50,0,0,0,0,
2024-11-11 15:35:41.330,,,,,25397,60239,,,,On,10,Manual: B,50,0,0,0,0,
2024-11-11 15:36:26.742,,,,,25397,60239,,,,Off,0,Manual: B,50,0,0,0,0,
2024-11-11 15:36:47.269,121,1,,207 borde homogeneo-2,25532,60225,,,,Off,0,Manual: B,50,0,0,0,0,
2024-11-11 15:36:47.269,,,,,25532,60225,,,5,Off,0,Manual: B,50,0,0,0,0,
2024-11-11 15:36:47.269,,,,,25532,60225,25532,60225,,Off,0,Manual: B,50,0,0,0,0,
2024-11-11 15:36:47.441,,,,,25532,60225,,,,On,10,Manual: B,50,0,0,0,0,
2024-11-11 15:37:32.736,,,,,25532,60225,,,,Off,0,Manual: B,50,0,0,0,0,
2024-11-11 15:37:53.315,122,1,,207 borde homogeneo-3,25485,60565,,,,Off,0,Manual: B,50,0,0,0,0,
2024-11-11 15:37:53.315,,,,,25485,60565,,,5,Off,0,Manual: B,50,0,0,0,0,
2024-11-11 15:37:53.315,,,,,25485,60565,25485,60565,,Off,0,Manual: B,50,0,0,0,0,
2024-11-11 15:37:53.377,,,,,25485,60565,,,,On,10,Manual: B,50,0,0,0,0,
2024-11-11 15:38:38.754,,,,,25485,60565,,,,Off,0,Manual: B,50,0,0,0,0,
2024-11-11 15:38:59.317,123,1,,207 borde poroso-1,25408,60427,,,,Off,0,Manual: B,50,0,0,0,0,
2024-11-11 15:38:59.317,,,,,25408,60427,,,5,Off,0,Manual: B,50,0,0,0,0,
2024-11-11 15:38:59.317,,,,,25408,60427,25408,60427,,Off,0,Manual: B,50,0,0,0,0,
2024-11-11 15:38:59.379,,,,,25408,60427,,,,On,10,Manual: B,50,0,0,0,0,
2024-11-11 15:39:44.818,,,,,25408,60427,,,,Off,0,Manual: B,50,0,0,0,0,
2024-11-11 15:40:05.334,124,1,,207 borde poroso-2,25456,60390,,,,Off,0,Manual: B,50,0,0,0,0,
2024-11-11 15:40:05.334,,,,,25456,60390,,,5,Off,0,Manual: B,50,0,0,0,0,
2024-11-11 15:40:05.334,,,,,25456,60390,25456,60390,,Off,0,Manual: B,50,0,0,0,0,
2024-11-11 15:40:05.459,,,,,25456,60390,,,,On,10,Manual: B,50,0,0,0,0,
2024-11-11 15:40:50.866,,,,,25456,60390,,,,Off,0,Manual: B,50,0,0,0,0,
2024-11-11 15:41:13.133,125,1,,212a,33529,39190,,,,Off,0,Manual: B,50,0,0,0,0,
2024-11-11 15:41:13.133,,,,,33529,39190,,,5,Off,0,Manual: B,50,0,0,0,0,
2024-11-11 15:41:13.133,,,,,33529,39190,33529,39190,,Off,0,Manual: B,50,0,0,0,0,
2024-11-11 15:41:13.226,,,,,33529,39190,,,,On,10,Manual: B,50,0,0,0,0,
2024-11-11 15:41:58.477,,,,,33529,39190,,,,Off,0,Manual: B,50,0,0,0,0,
2024-11-11 15:42:19.196,126,1,,212b,33915,39044,,,,Off,0,Manual: B,50,0,0,0,0,
2024-11-11 15:42:19.196,,,,,33915,39044,,,5,Off,0,Manual: B,50,0,0,0,0,
2024-11-11 15:42:19.196,,,,,33915,39044,33915,39044,,Off,0,Manual: B,50,0,0,0,0,
2024-11-11 15:42:19.275,,,,,33915,39044,,,,On,10,Manual: B,50,0,0,0,0,
2024-11-11 15:43:04.509,,,,,33915,39044,,,,Off,0,Manual: B,50,0,0,0,0,
2024-11-11 15:43:24.932,127,1,,212 nucleo poroso-1,33731,38974,,,,Off,0,Manual: B,50,0,0,0,0,
2024-11-11 15:43:24.932,,,,,33731,38974,,,5,Off,0,Manual: B,50,0,0,0,0,
2024-11-11 15:43:24.932,,,,,33731,38974,33731,38974,,Off,0,Manual: B,50,0,0,0,0,
2024-11-11 15:43:25.010,,,,,33731,38974,,,,On,10,Manual: B,50,0,0,0,0,
2024-11-11 15:44:10.292,,,,,33731,38974,,,,Off,0,Manual: B,50,0,0,0,0,
2024-11-11 15:44:30.886,128,1,,212 nucleo poroso-2,33666,38848,,,,Off,0,Manual: B,50,0,0,0,0,
2024-11-11 15:44:30.886,,,,,33666,38848,,,5,Off,0,Manual: B,50,0,0,0,0,
2024-11-11 15:44:30.886,,,,,33666,38848,33666,38848,,Off,0,Manual: B,50,0,0,0,0,
2024-11-11 15:44:30.964,,,,,33666,38848,,,,On,10,Manual: B,50,0,0,0,0,
2024-11-11 15:45:16.183,,,,,33666,38848,,,,Off,0,Manual: B,50,0,0,0,0,
2024-11-11 15:45:39.824,129,1,,MERCEDITA-5,70538,13632,,,,Off,0,Manual: B,50,0,0,0,0,
2024-11-11 15:45:39.824,,,,,70538,13632,,,5,Off,0,Manual: B,50,0,0,0,0,
2024-11-11 15:45:39.824,,,,,70538,13632,70538,13632,,Off,0,Manual: B,50,0,0,0,0,
2024-11-11 15:45:39.949,,,,,70538,13632,,,,On,10,Manual: B,50,0,0,0,0,
2024-11-11 15:46:25.168,,,,,70538,13632,,,,Off,0,Manual: B,50,0,0,0,0,
2024-11-11 15:46:45.809,130,1,,MERCEDITA-6,70537,13547,,,,Off,0,Manual: B,50,0,0,0,0,
2024-11-11 15:46:45.809,,,,,70537,13547,,,5,Off,0,Manual: B,50,0,0,0,0,
2024-11-11 15:46:45.809,,,,,70537,13547,70537,13547,,Off,0,Manual: B,50,0,0,0,0,
2024-11-11 15:46:45.872,,,,,70537,13547,,,,On,10,Manual: B,50,0,0,0,0,
2024-11-11 15:47:31.232,,,,,70537,13547,,,,Off,0,Manual: B,50,0,0,0,0,
2024-11-11 15:47:57.914,131,1,,BHVO-2G-5,13634,85207,,,,Off,0,Manual: B,50,0,0,0,0,
2024-11-11 15:47:57.914,,,,,13634,85207,,,5,Off,0,Manual: B,50,0,0,0,0,
2024-11-11 15:47:57.914,,,,,13634,85207,13634,85207,,Off,0,Manual: B,50,0,0,0,0,
2024-11-11 15:47:57.976,,,,,13634,85207,,,,On,10,Manual: B,50,0,0,0,0,
2024-11-11 15:48:43.388,,,,,13634,85207,,,,Off,0,Manual: B,50,0,0,0,0,
2024-11-11 15:49:03.821,132,1,,BHVO-2G-6,13550,85226,,,,Off,0,Manual: B,50,0,0,0,0,
2024-11-11 15:49:03.821,,,,,13550,85226,,,5,Off,0,Manual: B,50,0,0,0,0,
2024-11-11 15:49:03.821,,,,,13550,85226,13550,85226,,Off,0,Manual: B,50,0,0,0,0,
2024-11-11 15:49:03.883,,,,,13550,85226,,,,On,10,Manual: B,50,0,0,0,0,
2024-11-11 15:49:49.123,,,,,13550,85226,,,,Off,0,Manual: B,50,0,0,0,0,
2024-11-11 15:50:11.618,133,1,,BCR2G-5,36456,83975,,,,Off,0,Manual: B,50,0,0,0,0,
2024-11-11 15:50:11.618,,,,,36456,83975,,,5,Off,0,Manual: B,50,0,0,0,0,
2024-11-11 15:50:11.618,,,,,36456,83975,36456,83975,,Off,0,Manual: B,50,0,0,0,0,
2024-11-11 15:50:11.759,,,,,36456,83975,,,,On,10,Manual: B,50,0,0,0,0,
2024-11-11 15:50:56.968,,,,,36456,83975,,,,Off,0,Manual: B,50,0,0,0,0,
2024-11-11 15:51:17.494,134,1,,BCR2G-6,36500,84114,,,,Off,0,Manual: B,50,0,0,0,0,
2024-11-11 15:51:17.494,,,,,36500,84114,,,5,Off,0,Manual: B,50,0,0,0,0,
2024-11-11 15:51:17.494,,,,,36500,84114,36500,84114,,Off,0,Manual: B,50,0,0,0,0,
2024-11-11 15:51:17.557,,,,,36500,84114,,,,On,10,Manual: B,50,0,0,0,0,
2024-11-11 15:52:02.734,,,,,36500,84114,,,,Off,0,Manual: B,50,0,0,0,0,
2024-11-11 15:52:25.151,135,1,,GSC-1G-5,58044,83183,,,,Off,0,Manual: B,50,0,0,0,0,
2024-11-11 15:52:25.151,,,,,58044,83183,,,5,Off,0,Manual: B,50,0,0,0,0,
2024-11-11 15:52:25.151,,,,,58044,83183,58044,83183,,Off,0,Manual: B,50,0,0,0,0,
2024-11-11 15:52:25.214,,,,,58044,83183,,,,On,10,Manual: B,50,0,0,0,0,
2024-11-11 15:53:10.516,,,,,58044,83183,,,,Off,0,Manual: B,50,0,0,0,0,
2024-11-11 15:53:31.465,136,1,,GSC-1G-6,57943,83191,,,,Off,0,Manual: B,50,0,0,0,0,
2024-11-11 15:53:31.465,,,,,57943,83191,,,5,Off,0,Manual: B,50,0,0,0,0,
2024-11-11 15:53:31.465,,,,,57943,83191,57943,83191,,Off,0,Manual: B,50,0,0,0,0,
2024-11-11 15:53:31.558,,,,,57943,83191,,,,On,10,Manual: B,50,0,0,0,0,
2024-11-11 15:54:16.845,,,,,57943,83191,,,,Off,0,Manual: B,50,0,0,0,0,
2024-11-11 15:54:39.387,137,1,,GSE-1G-5,79594,82617,,,,Off,0,Manual: B,50,0,0,0,0,
2024-11-11 15:54:39.387,,,,,79594,82617,,,5,Off,0,Manual: B,50,0,0,0,0,
2024-11-11 15:54:39.387,,,,,79594,82617,79594,82617,,Off,0,Manual: B,50,0,0,0,0,
2024-11-11 15:54:39.450,,,,,79594,82617,,,,On,10,Manual: B,50,0,0,0,0,
2024-11-11 15:55:24.658,,,,,79594,82617,,,,Off,0,Manual: B,50,0,0,0,0,
2024-11-11 15:55:45.232,138,1,,GSE-1G-6,79558,82523,,,,Off,0,Manual: B,50,0,0,0,0,
2024-11-11 15:55:45.232,,,,,79558,82523,,,5,Off,0,Manual: B,50,0,0,0,0,
2024-11-11 15:55:45.232,,,,,79558,82523,79558,82523,,Off,0,Manual: B,50,0,0,0,0,
2024-11-11 15:55:45.310,,,,,79558,82523,,,,On,10,Manual: B,50,0,0,0,0,
2024-11-11 15:56:30.612,,,,,79558,82523,,,,Off,0,Manual: B,50,0,0,0,0,
2024-11-11 15:56:57.013,139,1,,NIST-610-7,42143,12633,,,,Off,0,Manual: B,50,0,0,0,0,
2024-11-11 15:56:57.013,,,,,42143,12633,,,5,Off,0,Manual: B,50,0,0,0,0,
2024-11-11 15:56:57.013,,,,,42143,12633,42143,12633,,Off,0,Manual: B,50,0,0,0,0,
2024-11-11 15:56:57.138,,,,,42143,12633,,,,On,10,Manual: B,50,0,0,0,0,
2024-11-11 15:57:42.407,,,,,42143,12633,,,,Off,0,Manual: B,50,0,0,0,0,
2024-11-11 15:58:02.902,140,1,,NIST-610-8,42005,12518,,,,Off,0,Manual: B,50,0,0,0,0,
2024-11-11 15:58:02.902,,,,,42005,12518,,,5,Off,0,Manual: B,50,0,0,0,0,
2024-11-11 15:58:02.902,,,,,42005,12518,42005,12518,,Off,0,Manual: B,50,0,0,0,0,
2024-11-11 15:58:03.043,,,,,42005,12518,,,,On,10,Manual: B,50,0,0,0,0,
2024-11-11 15:58:48.267,,,,,42005,12518,,,,Off,0,Manual: B,50,0,0,0,0,
