Timestamp, Sequence Number, SubPoint Number, Vertix Number, Comment, X(um), Y(um), Intended X(um), Intended Y(um), Scan Velocity (um/s), Laser State, Laser Rep. Rate (Hz), Spot Type, Spot Size (um), Spot Angle (deg), MFC1 (ml/min), MFC2 (ml/min), Cell Pressure (kPa), Z(um), Laser Mode, Laser HV (kV), Laser Energy (mJ), On-Sample Fluence (J.cm⁻²)
2025-06-16 12:41:45.494,2,1,,Cu,43847,8020,,,,Off,0,Wheel,40.0,0,381,0.09,3.1,1987.0,ATL_EGY,1.000,4.162,6.608
2025-06-16 12:41:46.148,,,1,,43847,8020,,,10000.000,Off,0,Wheel,40.0,0,381,0.10,3.0,1987.0,ATL_EGY,1.000,4.150,6.594
2025-06-16 12:41:46.241,,,,,43847,8020,43847,8020,,Off,0,Wheel,40.0,0,381,0.10,3.0,1987.0,ATL_EGY,1.000,4.150,6.594
2025-06-16 12:41:47.842,,,,,43847,8020,,,,On,10.00,Wheel,40.0,0,380,0.09,2.8,1987.0,ATL_EGY,1.000,4.137,6.580
2025-06-16 12:41:51.029,,,2,,43546,8000,43546,8000,100.000,On,10.00,Wheel,40.0,0,-1000,-1000.00,-1000.0,1987.0,ATL_EGY,1.000,4.162,0
2025-06-16 12:41:51.081,,,,,43546,8000,,,,Off,0,Wheel,40.0,0,380,0.09,2.8,1987.0,ATL_EGY,1.000,4.162,6.608
2025-06-16 12:41:51.885,,,1,,43847,8020,,,10000.000,Off,0,Wheel,40.0,0,380,0.10,2.9,1987.0,ATL_EGY,1.000,4.175,6.622
2025-06-16 12:41:51.941,,,,,43847,8020,43847,8020,,Off,0,Wheel,40.0,0,380,0.10,2.9,1987.0,ATL_EGY,1.000,4.175,6.622
2025-06-16 12:42:35.574,,,,,43847,8020,,,,On,10.00,Wheel,40.0,0,381,0.09,2.9,1987.0,ATL_EGY,1.000,4.200,6.651
2025-06-16 12:43:36.071,,,2,,43546,8000,43546,8000,5.000,On,10.00,Wheel,40.0,0,-1000,-1000.00,-1000.0,1987.0,ATL_EGY,1.000,4.175,0
2025-06-16 12:43:36.123,,,,,43546,8000,,,,Off,0,Wheel,40.0,0,380,0.09,2.9,1987.0,ATL_EGY,1.000,4.175,6.622
2025-06-16 12:43:36.641,3,1,,Ni,43341,8521,,,,Off,0,Wheel,40.0,0,381,0.09,2.9,1987.0,ATL_EGY,1.000,4.175,6.622
2025-06-16 12:43:38.891,,,1,,41111,17125,,,10000.000,Off,0,Wheel,40.0,0,380,0.09,2.7,1987.0,ATL_EGY,1.000,4.175,6.622
2025-06-16 12:43:38.959,,,,,41111,17125,41111,17125,,Off,0,Wheel,40.0,0,380,0.09,2.7,1987.0,ATL_EGY,1.000,4.175,6.622
2025-06-16 12:43:40.589,,,,,41111,17125,,,,On,10.00,Wheel,40.0,0,379,0.09,2.9,1987.0,ATL_EGY,1.000,4.187,6.637
2025-06-16 12:43:43.749,,,2,,41412,17147,41412,17148,100.000,On,10.00,Wheel,40.0,0,-1000,-1000.00,-1000.0,1987.0,ATL_EGY,1.000,4.200,0
2025-06-16 12:43:43.801,,,,,41412,17147,,,,Off,0,Wheel,40.0,0,381,0.08,2.9,1987.0,ATL_EGY,1.000,4.200,6.651
2025-06-16 12:43:44.589,,,1,,41111,17125,,,10000.000,Off,0,Wheel,40.0,0,381,0.08,2.9,1987.0,ATL_EGY,1.000,4.200,6.651
2025-06-16 12:43:44.645,,,,,41111,17125,41111,17125,,Off,0,Wheel,40.0,0,381,0.08,2.9,1987.0,ATL_EGY,1.000,4.200,6.651
2025-06-16 12:44:28.334,,,,,41111,17125,,,,On,10.00,Wheel,40.0,0,379,0.09,3.0,1987.0,ATL_EGY,1.000,4.200,6.651
2025-06-16 12:45:28.748,,,2,,41412,17147,41412,17148,5.000,On,10.00,Wheel,40.0,0,-1000,-1000.00,-1000.0,1987.0,ATL_EGY,1.000,4.200,0
2025-06-16 12:45:28.792,,,,,41412,17147,,,,Off,0,Wheel,40.0,0,381,0.08,2.9,1987.0,ATL_EGY,1.000,4.200,6.651
2025-06-16 12:45:29.694,4,1,,Ni,41037,17505,,,,Off,0,Wheel,40.0,0,380,0.09,2.9,1987.0,ATL_EGY,1.000,4.200,6.651
2025-06-16 12:45:30.342,,,1,,41037,17505,,,10000.000,Off,0,Wheel,40.0,0,380,0.10,2.9,1987.0,ATL_EGY,1.000,4.200,6.651
2025-06-16 12:45:30.436,,,,,41037,17505,41037,17505,,Off,0,Wheel,40.0,0,380,0.10,3.0,1987.0,ATL_EGY,1.000,4.200,6.651
2025-06-16 12:45:32.048,,,,,41037,17505,,,,On,10.00,Wheel,40.0,0,380,0.10,3.0,1987.0,ATL_EGY,1.000,4.200,6.651
2025-06-16 12:45:35.226,,,2,,41337,17527,41338,17528,100.000,On,10.00,Wheel,40.0,0,-1000,-1000.00,-1000.0,1987.0,ATL_EGY,1.000,4.212,0
2025-06-16 12:45:35.286,,,,,41337,17527,,,,Off,0,Wheel,40.0,0,380,0.09,2.9,1987.0,ATL_EGY,1.000,4.212,6.665
2025-06-16 12:45:36.116,,,1,,41037,17505,,,10000.000,Off,0,Wheel,40.0,0,380,0.09,2.9,1987.0,ATL_EGY,1.000,4.212,6.665
2025-06-16 12:45:36.200,,,,,41037,17505,41037,17505,,Off,0,Wheel,40.0,0,380,0.09,2.9,1987.0,ATL_EGY,1.000,4.212,6.665
2025-06-16 12:46:19.846,,,,,41037,17505,,,,On,10.00,Wheel,40.0,0,381,0.08,2.9,1987.0,ATL_EGY,1.000,4.200,6.651
2025-06-16 12:47:20.169,,,2,,41337,17527,41338,17528,5.000,On,10.00,Wheel,40.0,0,-1000,-1000.00,-1000.0,1987.0,ATL_EGY,1.000,4.175,0
2025-06-16 12:47:20.217,,,,,41337,17527,,,,Off,0,Wheel,40.0,0,380,0.07,2.8,1987.0,ATL_EGY,1.000,4.175,6.622
2025-06-16 12:47:21.203,5,1,,Co,44429,15140,,,,Off,0,Wheel,40.0,0,380,0.09,2.9,1987.0,ATL_EGY,1.000,4.200,6.651
2025-06-16 12:47:23.153,,,1,,51184,10392,,,10000.000,Off,0,Wheel,40.0,0,379,0.10,2.7,1987.0,ATL_EGY,1.000,4.200,6.651
2025-06-16 12:47:23.237,,,,,51184,10392,51184,10392,,Off,0,Wheel,40.0,0,379,0.09,2.8,1987.0,ATL_EGY,1.000,4.200,6.651
2025-06-16 12:47:24.879,,,,,51184,10392,,,,On,10.00,Wheel,40.0,0,380,0.09,2.9,1987.0,ATL_EGY,1.000,4.200,6.651
2025-06-16 12:47:27.999,,,2,,51485,10391,51485,10392,100.000,On,10.00,Wheel,40.0,0,-1000,-1000.00,-1000.0,1987.0,ATL_EGY,1.000,4.200,0
2025-06-16 12:47:28.055,,,,,51485,10391,,,,Off,0,Wheel,40.0,0,380,0.10,2.9,1987.0,ATL_EGY,1.000,4.200,6.651
2025-06-16 12:47:28.875,,,1,,51184,10392,,,10000.000,Off,0,Wheel,40.0,0,380,0.09,2.9,1987.0,ATL_EGY,1.000,4.200,6.651
2025-06-16 12:47:28.931,,,,,51184,10392,51184,10392,,Off,0,Wheel,40.0,0,380,0.10,2.9,1987.0,ATL_EGY,1.000,4.200,6.651
2025-06-16 12:48:12.584,,,,,51184,10392,,,,On,10.00,Wheel,40.0,0,381,0.09,2.9,1987.0,ATL_EGY,1.000,4.200,6.651
2025-06-16 12:49:12.892,,,2,,51485,10391,51485,10392,5.000,On,10.00,Wheel,40.0,0,-1000,-1000.00,-1000.0,1987.0,ATL_EGY,1.005,4.200,0
2025-06-16 12:49:12.936,,,,,51485,10391,,,,Off,0,Wheel,40.0,0,380,0.09,2.9,1987.0,ATL_EGY,1.005,4.200,6.651
2025-06-16 12:49:13.486,6,1,,Co,51236,10522,,,,Off,0,Wheel,40.0,0,380,0.09,3.0,1987.0,ATL_EGY,1.005,4.200,6.651
2025-06-16 12:49:14.132,,,1,,51236,10522,,,10000.000,Off,0,Wheel,40.0,0,380,0.09,2.9,1987.0,ATL_EGY,1.005,4.200,6.651
2025-06-16 12:49:14.341,,,,,51236,10522,51236,10522,,Off,0,Wheel,40.0,0,380,0.09,2.9,1987.0,ATL_EGY,1.005,4.200,6.651
2025-06-16 12:49:15.990,,,,,51236,10522,,,,On,10.00,Wheel,40.0,0,380,0.09,2.8,1987.0,ATL_EGY,1.008,4.200,6.651
2025-06-16 12:49:19.138,,,2,,51537,10521,51537,10522,100.000,On,10.00,Wheel,40.0,0,-1000,-1000.00,-1000.0,1987.0,ATL_EGY,1.005,4.212,0
2025-06-16 12:49:19.198,,,,,51537,10521,,,,Off,0,Wheel,40.0,0,380,0.09,2.9,1987.0,ATL_EGY,1.005,4.212,6.665
2025-06-16 12:49:19.972,,,1,,51236,10522,,,10000.000,Off,0,Wheel,40.0,0,380,0.10,2.9,1987.0,ATL_EGY,1.004,4.212,6.665
2025-06-16 12:49:20.066,,,,,51236,10522,51236,10522,,Off,0,Wheel,40.0,0,380,0.10,2.9,1987.0,ATL_EGY,1.004,4.212,6.665
2025-06-16 12:50:03.718,,,,,51236,10522,,,,On,10.00,Wheel,40.0,0,379,0.10,2.8,1987.0,ATL_EGY,1.000,4.300,6.764
2025-06-16 12:51:04.052,,,2,,51537,10521,51537,10522,5.000,On,10.00,Wheel,40.0,0,-1000,-1000.00,-1000.0,1987.0,ATL_EGY,1.006,4.200,0
2025-06-16 12:51:04.104,,,,,51537,10521,,,,Off,0,Wheel,40.0,0,381,0.09,3.1,1987.0,ATL_EGY,1.006,4.200,6.651
2025-06-16 12:51:05.006,7,1,,Zn,50475,12987,,,,Off,0,Wheel,40.0,0,380,0.09,3.0,1987.0,ATL_EGY,1.008,4.200,6.651
2025-06-16 12:51:06.898,,,1,,48321,19224,,,10000.000,Off,0,Wheel,40.0,0,380,0.09,2.8,1987.0,ATL_EGY,1.006,4.200,6.651
2025-06-16 12:51:06.978,,,,,48321,19224,48321,19224,,Off,0,Wheel,40.0,0,380,0.09,2.8,1987.0,ATL_EGY,1.006,4.200,6.651
2025-06-16 12:51:08.604,,,,,48321,19224,,,,On,10.00,Wheel,40.0,0,380,0.11,2.9,1987.0,ATL_EGY,1.004,4.200,6.651
2025-06-16 12:51:11.806,,,2,,48622,19223,48623,19223,100.000,On,10.00,Wheel,40.0,0,-1000,-1000.00,-1000.0,1987.0,ATL_EGY,1.000,4.237,0
2025-06-16 12:51:11.850,,,,,48622,19223,,,,Off,0,Wheel,40.0,0,381,0.10,2.9,1987.0,ATL_EGY,1.000,4.237,6.693
2025-06-16 12:51:12.656,,,1,,48321,19224,,,10000.000,Off,0,Wheel,40.0,0,380,0.11,2.9,1987.0,ATL_EGY,1.000,4.237,6.693
2025-06-16 12:51:12.708,,,,,48321,19224,48321,19224,,Off,0,Wheel,40.0,0,380,0.11,2.8,1987.0,ATL_EGY,1.000,4.237,6.693
2025-06-16 12:51:56.366,,,,,48321,19224,,,,On,10.00,Wheel,40.0,0,379,0.09,3.0,1987.0,ATL_EGY,1.000,4.200,6.651
2025-06-16 12:52:56.740,,,2,,48622,19223,48623,19223,5.000,On,10.00,Wheel,40.0,0,-1000,-1000.00,-1000.0,1987.0,ATL_EGY,1.000,4.200,0
2025-06-16 12:52:56.784,,,,,48622,19223,,,,Off,0,Wheel,40.0,0,380,0.09,2.9,1987.0,ATL_EGY,1.000,4.200,6.651
2025-06-16 12:52:57.282,8,1,,Zn,48388,19335,,,,Off,0,Wheel,40.0,0,379,0.09,2.9,1987.0,ATL_EGY,1.000,4.200,6.651
2025-06-16 12:52:57.890,,,1,,48383,19337,,,10000.000,Off,0,Wheel,40.0,0,380,0.09,2.8,1987.0,ATL_EGY,1.000,4.200,6.651
2025-06-16 12:52:58.002,,,,,48383,19337,48383,19337,,Off,0,Wheel,40.0,0,380,0.09,2.9,1987.0,ATL_EGY,1.000,4.200,6.651
2025-06-16 12:52:59.622,,,,,48383,19337,,,,On,10.00,Wheel,40.0,0,380,0.10,2.8,1987.0,ATL_EGY,1.000,4.237,6.693
2025-06-16 12:53:02.774,,,2,,48685,19336,48685,19336,100.000,On,10.00,Wheel,40.0,0,-1000,-1000.00,-1000.0,1987.0,ATL_EGY,1.000,4.250,0
2025-06-16 12:53:02.850,,,,,48685,19336,,,,Off,0,Wheel,40.0,0,381,0.09,2.9,1987.0,ATL_EGY,1.000,4.250,6.707
2025-06-16 12:53:03.652,,,1,,48383,19337,,,10000.000,Off,0,Wheel,40.0,0,381,0.09,2.9,1987.0,ATL_EGY,1.000,4.250,6.707
2025-06-16 12:53:03.734,,,,,48383,19337,48383,19337,,Off,0,Wheel,40.0,0,381,0.09,3.0,1987.0,ATL_EGY,1.000,4.250,6.707
2025-06-16 12:53:47.386,,,,,48383,19337,,,,On,10.00,Wheel,40.0,0,380,0.09,3.0,1987.0,ATL_EGY,1.000,4.200,6.651
2025-06-16 12:54:47.896,,,2,,48685,19336,48685,19336,5.000,On,10.00,Wheel,40.0,0,-1000,-1000.00,-1000.0,1987.0,ATL_EGY,1.000,4.237,0
2025-06-16 12:54:47.948,,,,,48685,19336,,,,Off,0,Wheel,40.0,0,381,0.10,2.8,1987.0,ATL_EGY,1.000,4.237,6.693
2025-06-16 12:54:48.792,9,1,,STDGL3,50656,19019,,,,Off,0,Wheel,40.0,0,381,0.10,2.9,2011.7,ATL_EGY,1.000,4.212,6.665
2025-06-16 12:54:48.842,,,,,50983,18992,,,10000.000,Off,0,Wheel,40.0,0,381,0.10,2.8,2011.7,ATL_EGY,1.000,4.212,6.665
2025-06-16 12:54:52.034,,,,,71889,17583,71889,17583,,Off,0,Wheel,40.0,0,379,0.09,2.8,2011.7,ATL_EGY,1.000,4.200,6.651
2025-06-16 12:55:37.818,,,,,71889,17583,,,,On,5.00,Wheel,40.0,0,380,0.10,3.0,2011.7,ATL_EGY,1.000,4.200,6.651
2025-06-16 12:56:37.822,,,,,71889,17583,,,,Off,0,Wheel,40.0,0,381,0.10,2.8,2011.7,ATL_EGY,1.000,4.200,6.658
2025-06-16 12:56:38.766,10,1,,STDGL3,74744,17609,,,,Off,0,Wheel,40.0,0,380,0.09,2.9,2011.7,ATL_EGY,1.000,4.200,6.658
2025-06-16 12:56:38.868,,,,,75198,17613,,,10000.000,Off,0,Wheel,40.0,0,380,0.10,2.9,2011.7,ATL_EGY,1.000,4.200,6.658
2025-06-16 12:56:39.436,,,,,75902,17625,75902,17625,,Off,0,Wheel,40.0,0,380,0.09,2.9,2011.7,ATL_EGY,1.000,4.200,6.658
2025-06-16 12:57:25.302,,,,,75902,17625,,,,On,5.00,Wheel,40.0,0,380,0.09,3.0,2011.7,ATL_EGY,1.000,4.200,6.658
2025-06-16 12:58:25.306,,,,,75902,17625,,,,Off,0,Wheel,40.0,0,380,0.09,3.1,2011.7,ATL_EGY,1.000,4.212,6.672
2025-06-16 12:58:25.662,11,1,,Po724,76059,17522,,,,Off,0,Wheel,40.0,0,380,0.09,3.0,1969.8,ATL_EGY,1.000,4.200,6.658
2025-06-16 12:58:25.803,,,,,76406,17347,,,10000.000,Off,0,Wheel,40.0,0,380,0.09,3.1,1968.2,ATL_EGY,1.000,4.200,6.658
2025-06-16 12:58:30.256,,,,,109185,12409,109185,12409,,Off,0,Wheel,40.0,0,379,0.08,2.8,1968.2,ATL_EGY,1.000,4.200,6.658
2025-06-16 12:59:16.114,,,,,109185,12409,,,,On,5.00,Wheel,40.0,0,380,0.09,2.8,1968.2,ATL_EGY,1.000,4.200,6.658
2025-06-16 13:00:16.118,,,,,109185,12409,,,,Off,0,Wheel,40.0,0,381,0.09,2.9,1968.2,ATL_EGY,0.996,4.275,6.742
2025-06-16 13:00:16.406,12,1,,Po724,109005,12593,,,,Off,0,Wheel,40.0,0,381,0.09,2.9,1968.2,ATL_EGY,0.995,4.275,6.742
2025-06-16 13:00:16.631,,,,,108348,13264,,,10000.000,Off,0,Wheel,40.0,0,381,0.09,2.9,1968.2,ATL_EGY,0.995,4.275,6.742
2025-06-16 13:00:17.158,,,,,107731,13896,107731,13896,,Off,0,Wheel,40.0,0,380,0.09,3.0,1968.2,ATL_EGY,0.994,4.275,6.742
2025-06-16 13:01:02.980,,,,,107731,13896,,,,On,5.00,Wheel,40.0,0,380,0.10,2.8,1968.2,ATL_EGY,0.990,4.200,6.658
2025-06-16 13:02:02.986,,,,,107731,13896,,,,Off,0,Wheel,40.0,0,381,0.10,2.9,1968.2,ATL_EGY,1.000,4.225,6.686
2025-06-16 13:02:03.306,13,1,,Peru Py,107619,13827,,,,Off,0,Wheel,40.0,0,381,0.10,2.9,2009.4,ATL_EGY,1.000,4.237,6.700
2025-06-16 13:02:03.594,,,,,106730,13525,,,10000.000,Off,0,Wheel,40.0,0,380,0.10,3.0,2011.7,ATL_EGY,1.000,4.237,6.700
2025-06-16 13:02:07.602,,,,,77950,10007,77950,10007,,Off,0,Wheel,40.0,0,381,0.09,2.8,2011.7,ATL_EGY,1.000,4.288,6.756
2025-06-16 13:02:53.468,,,,,77950,10007,,,,On,5.00,Wheel,40.0,0,380,0.09,2.8,2011.7,ATL_EGY,1.000,4.300,6.770
2025-06-16 13:03:53.475,,,,,77950,10007,,,,Off,0,Wheel,40.0,0,379,0.09,2.8,2011.7,ATL_EGY,0.990,4.162,6.616
2025-06-16 13:03:54.049,14,1,,Peru Py,77453,9886,,,,Off,0,Wheel,40.0,0,380,0.08,2.9,2011.7,ATL_EGY,0.990,4.150,6.756
2025-06-16 13:03:54.169,,,,,77453,9886,,,10000.000,Off,0,Wheel,40.0,0,380,0.08,2.8,2011.7,ATL_EGY,0.990,4.150,6.756
2025-06-16 13:03:54.307,,,,,77453,9886,77453,9886,,Off,0,Wheel,40.0,0,379,0.08,2.8,2011.7,ATL_EGY,0.990,4.150,6.756
2025-06-16 13:04:40.177,,,,,77453,9886,,,,On,5.00,Wheel,30.0,0,381,0.09,2.8,2011.7,ATL_EGY,0.990,4.100,6.698
2025-06-16 13:05:40.182,,,,,77453,9886,,,,Off,0,Wheel,30.0,0,380,0.09,2.9,2011.7,ATL_EGY,0.998,4.200,6.814
2025-06-16 13:05:40.944,15,1,,HG2414 Pn1,75620,11981,,,,Off,0,Wheel,30.0,0,381,0.09,3.0,1928.0,ATL_EGY,0.998,4.200,6.814
2025-06-16 13:05:41.000,,,,,75349,12360,,,10000.000,Off,0,Wheel,30.0,0,381,0.09,3.0,1928.0,ATL_EGY,0.998,4.200,6.814
2025-06-16 13:05:47.636,,,,,46766,61704,46766,61704,,Off,0,Wheel,30.0,0,381,0.10,2.9,1928.0,ATL_EGY,1.000,4.200,6.814
2025-06-16 13:06:33.934,,,,,46766,61704,,,,On,5.00,Wheel,30.0,0,380,0.09,2.8,1928.0,ATL_EGY,0.990,4.200,6.814
2025-06-16 13:07:33.941,,,,,46766,61704,,,,Off,0,Wheel,30.0,0,380,0.09,3.0,1928.0,ATL_EGY,1.000,4.137,6.741
2025-06-16 13:07:34.763,16,1,,HG2414 Cp1,46923,61659,,,,Off,0,Wheel,30.0,0,380,0.09,2.9,1928.0,ATL_EGY,1.000,4.162,6.616
2025-06-16 13:07:34.847,,,,,46923,61659,,,10000.000,Off,0,Wheel,30.0,0,380,0.09,2.9,1928.0,ATL_EGY,1.000,4.162,6.616
2025-06-16 13:07:34.973,,,,,46923,61659,46923,61659,,Off,0,Wheel,30.0,0,380,0.09,2.9,1928.0,ATL_EGY,1.000,4.162,6.616
2025-06-16 13:08:21.240,,,,,46923,61659,,,,On,5.00,Wheel,40.0,0,380,0.10,3.0,1928.0,ATL_EGY,1.000,4.200,6.658
2025-06-16 13:09:21.247,,,,,46923,61659,,,,Off,0,Wheel,40.0,0,381,0.09,2.9,1928.0,ATL_EGY,1.000,4.200,6.658
2025-06-16 13:09:21.657,17,1,,HG2414 Cp2,46634,61628,,,,Off,0,Wheel,40.0,0,381,0.10,2.9,1928.0,ATL_EGY,1.000,4.200,6.658
2025-06-16 13:09:21.743,,,,,46606,61625,,,10000.000,Off,0,Wheel,40.0,0,381,0.10,3.0,1928.0,ATL_EGY,1.000,4.200,6.658
2025-06-16 13:09:21.881,,,,,46606,61625,46606,61625,,Off,0,Wheel,40.0,0,381,0.10,3.0,1928.0,ATL_EGY,1.000,4.200,6.658
2025-06-16 13:10:08.168,,,,,46606,61625,,,,On,5.00,Wheel,40.0,0,380,0.09,2.6,1928.0,ATL_EGY,1.000,4.200,6.658
2025-06-16 13:11:08.173,,,,,46606,61625,,,,Off,0,Wheel,40.0,0,380,0.10,2.8,1928.0,ATL_EGY,1.000,4.200,6.658
2025-06-16 13:11:08.723,18,1,,HG2414 Po1,47075,61489,,,,Off,0,Wheel,40.0,0,380,0.10,2.9,1928.0,ATL_EGY,1.000,4.200,6.658
2025-06-16 13:11:08.873,,,,,47076,61489,,,10000.000,Off,0,Wheel,40.0,0,380,0.09,2.9,1928.0,ATL_EGY,1.000,4.200,6.658
2025-06-16 13:11:08.987,,,,,47076,61489,47076,61489,,Off,0,Wheel,40.0,0,380,0.09,2.9,1928.0,ATL_EGY,1.000,4.200,6.658
2025-06-16 13:11:55.287,,,,,47076,61489,,,,On,5.00,Wheel,40.0,0,380,0.09,3.0,1928.0,ATL_EGY,1.000,4.200,6.658
2025-06-16 13:12:55.291,,,,,47076,61489,,,,Off,0,Wheel,40.0,0,380,0.09,2.8,1928.0,ATL_EGY,1.000,4.187,6.644
2025-06-16 13:13:12.148,19,1,,HG2414 Po2,47008,61416,,,,Off,0,Wheel,40.0,0,381,0.09,3.0,1928.0,ATL_EGY,1.010,4.187,6.644
2025-06-16 13:13:12.210,,,,,47008,61416,,,10000.000,Off,0,Wheel,40.0,0,381,0.09,2.9,1928.0,ATL_EGY,1.010,4.187,6.644
2025-06-16 13:13:12.343,,,,,47008,61416,47008,61416,,Off,0,Wheel,40.0,0,381,0.09,2.9,1928.0,ATL_EGY,1.010,4.187,6.644
2025-06-16 13:13:58.573,,,,,47008,61416,,,,On,5.00,Wheel,40.0,0,379,0.10,2.8,1928.0,ATL_EGY,1.010,4.300,6.770
2025-06-16 13:14:58.587,,,,,47008,61416,,,,Off,0,Wheel,40.0,0,380,0.08,3.0,1928.0,ATL_EGY,1.000,4.200,6.658
2025-06-16 13:14:59.427,20,1,,HG2414 Po4,49359,61491,,,,Off,0,Wheel,40.0,0,379,0.08,2.9,1928.0,ATL_EGY,1.000,4.200,6.658
2025-06-16 13:14:59.475,,,,,49700,61496,,,10000.000,Off,0,Wheel,40.0,0,379,0.08,3.0,1928.0,ATL_EGY,1.000,4.200,6.658
2025-06-16 13:15:00.605,,,,,52681,61581,52681,61581,,Off,0,Wheel,40.0,0,378,0.09,3.0,1928.0,ATL_EGY,1.000,4.200,6.658
2025-06-16 13:15:46.831,,,,,52681,61581,,,,On,5.00,Wheel,40.0,0,379,0.10,2.9,1928.0,ATL_EGY,1.000,4.200,6.658
2025-06-16 13:16:46.835,,,,,52681,61581,,,,Off,0,Wheel,40.0,0,380,0.09,2.8,1928.0,ATL_EGY,1.000,4.187,6.644
2025-06-16 13:16:47.089,21,1,,HG2414 Pn2,52687,61693,,,,Off,0,Wheel,40.0,0,381,0.09,2.8,1928.0,ATL_EGY,1.000,4.187,6.644
2025-06-16 13:16:47.239,,,,,52701,61922,,,10000.000,Off,0,Wheel,40.0,0,380,0.10,2.7,1928.0,ATL_EGY,1.000,4.187,6.644
2025-06-16 13:16:47.415,,,,,52703,61963,52703,61963,,Off,0,Wheel,40.0,0,380,0.10,2.7,1928.0,ATL_EGY,1.000,4.187,6.644
2025-06-16 13:17:33.707,,,,,52703,61963,,,,On,5.00,Wheel,40.0,0,380,0.10,2.8,1928.0,ATL_EGY,1.000,4.200,6.658
2025-06-16 13:18:33.712,,,,,52703,61963,,,,Off,0,Wheel,40.0,0,380,0.09,2.8,1928.0,ATL_EGY,0.990,4.200,6.658
2025-06-16 13:18:33.988,22,1,,HG2414 Cp3,52796,62006,,,,Off,0,Wheel,40.0,0,380,0.09,2.7,1928.0,ATL_EGY,0.990,4.200,6.658
2025-06-16 13:18:34.176,,,,,52798,62007,,,10000.000,Off,0,Wheel,40.0,0,381,0.09,2.7,1928.0,ATL_EGY,0.990,4.200,6.658
2025-06-16 13:18:34.414,,,,,52798,62007,52798,62007,,Off,0,Wheel,40.0,0,381,0.09,2.7,1928.0,ATL_EGY,0.990,4.200,6.658
2025-06-16 13:19:20.647,,,,,52798,62007,,,,On,5.00,Wheel,40.0,0,380,0.09,3.0,1928.0,ATL_EGY,0.990,4.200,6.658
2025-06-16 13:20:20.654,,,,,52798,62007,,,,Off,0,Wheel,40.0,0,381,0.09,2.9,1928.0,ATL_EGY,0.990,4.187,6.644
2025-06-16 13:20:21.654,23,1,,HG2412 Pn1,56879,60231,,,,Off,0,Wheel,40.0,0,381,0.09,3.0,1928.0,ATL_EGY,0.990,4.187,6.799
2025-06-16 13:20:21.752,,,,,57806,60004,,,10000.000,Off,0,Wheel,40.0,0,381,0.09,2.9,1928.0,ATL_EGY,0.990,4.187,6.799
2025-06-16 13:20:29.830,,,,,126038,42843,126038,42843,,Off,0,Wheel,40.0,0,379,0.09,2.9,1928.0,ATL_EGY,0.990,4.200,6.814
2025-06-16 13:21:16.149,,,,,126038,42843,,,,On,5.00,Wheel,30.0,0,380,0.10,2.9,1928.0,ATL_EGY,0.990,4.200,6.814
2025-06-16 13:22:16.154,,,,,126038,42843,,,,Off,0,Wheel,30.0,0,380,0.10,2.7,1928.0,ATL_EGY,1.000,4.200,6.814
2025-06-16 13:22:17.010,24,1,,HG2412 Pn2,126184,42637,,,,Off,0,Wheel,30.0,0,380,0.09,2.7,1928.0,ATL_EGY,1.000,4.200,6.814
2025-06-16 13:22:17.058,,,,,126184,42637,,,10000.000,Off,0,Wheel,30.0,0,380,0.09,2.7,1928.0,ATL_EGY,1.000,4.200,6.814
2025-06-16 13:22:17.170,,,,,126184,42637,126184,42637,,Off,0,Wheel,30.0,0,380,0.09,2.7,1928.0,ATL_EGY,1.000,4.200,6.814
2025-06-16 13:23:03.535,,,,,126184,42637,,,,On,5.00,Wheel,30.0,0,380,0.09,2.9,1928.0,ATL_EGY,1.000,4.200,6.814
2025-06-16 13:24:03.539,,,,,126184,42637,,,,Off,0,Wheel,30.0,0,381,0.10,3.0,1928.0,ATL_EGY,1.000,4.225,6.842
2025-06-16 13:24:03.906,25,1,,HG2412 Pn3,125896,42654,,,,Off,0,Wheel,30.0,0,381,0.10,3.0,1928.0,ATL_EGY,1.000,4.225,6.842
2025-06-16 13:24:03.986,,,,,125695,42666,,,10000.000,Off,0,Wheel,30.0,0,380,0.10,3.0,1928.0,ATL_EGY,1.000,4.225,6.842
2025-06-16 13:24:04.329,,,,,125443,42681,125443,42681,,Off,0,Wheel,30.0,0,380,0.10,3.0,1928.0,ATL_EGY,1.000,4.225,6.842
2025-06-16 13:24:50.616,,,,,125443,42681,,,,On,5.00,Wheel,30.0,0,380,0.09,2.9,1928.0,ATL_EGY,1.000,4.200,6.814
2025-06-16 13:25:50.619,,,,,125443,42681,,,,Off,0,Wheel,30.0,0,381,0.09,2.9,1928.0,ATL_EGY,1.000,4.237,6.857
2025-06-16 13:25:51.574,26,1,,HG2412 Po1,125799,42886,,,,Off,0,Wheel,30.0,0,380,0.10,3.0,1928.0,ATL_EGY,1.000,4.212,6.672
2025-06-16 13:25:51.638,,,,,125799,42886,,,10000.000,Off,0,Wheel,30.0,0,380,0.10,3.0,1928.0,ATL_EGY,1.000,4.212,6.672
2025-06-16 13:25:51.835,,,,,125799,42886,125799,42886,,Off,0,Wheel,30.0,0,380,0.11,3.1,1928.0,ATL_EGY,1.000,4.212,6.672
2025-06-16 13:26:38.070,,,,,125799,42886,,,,On,5.00,Wheel,40.0,0,380,0.09,2.8,1928.0,ATL_EGY,1.000,4.200,6.658
2025-06-16 13:27:38.076,,,,,125799,42886,,,,Off,0,Wheel,40.0,0,379,0.08,2.9,1928.0,ATL_EGY,1.000,4.212,6.672
2025-06-16 13:27:38.472,27,1,,HG2412 Po2,125528,42904,,,,Off,0,Wheel,40.0,0,380,0.09,3.1,1928.0,ATL_EGY,1.000,4.212,6.672
2025-06-16 13:27:38.558,,,,,125504,42906,,,10000.000,Off,0,Wheel,40.0,0,380,0.09,3.0,1928.0,ATL_EGY,1.000,4.212,6.672
2025-06-16 13:27:38.712,,,,,125504,42906,125504,42906,,Off,0,Wheel,40.0,0,380,0.09,3.0,1928.0,ATL_EGY,1.000,4.212,6.672
2025-06-16 13:28:24.941,,,,,125504,42906,,,,On,5.00,Wheel,40.0,0,380,0.09,2.7,1928.0,ATL_EGY,1.000,4.300,6.770
2025-06-16 13:29:24.946,,,,,125504,42906,,,,Off,0,Wheel,40.0,0,380,0.09,2.9,1928.0,ATL_EGY,1.000,4.225,6.686
2025-06-16 13:29:25.368,28,1,,HG2412 Po3,125983,43285,,,,Off,0,Wheel,40.0,0,380,0.10,2.8,1928.0,ATL_EGY,1.000,4.225,6.686
2025-06-16 13:29:25.498,,,,,126470,43670,,,10000.000,Off,0,Wheel,40.0,0,380,0.10,2.8,1928.0,ATL_EGY,1.000,4.225,6.686
2025-06-16 13:29:26.788,,,,,130192,46615,130192,46615,,Off,0,Wheel,40.0,0,380,0.09,2.8,1928.0,ATL_EGY,1.000,4.225,6.686
2025-06-16 13:30:13.026,,,,,130192,46615,,,,On,5.00,Wheel,40.0,0,379,0.09,3.0,1928.0,ATL_EGY,1.000,4.300,6.770
2025-06-16 13:31:13.030,,,,,130192,46615,,,,Off,0,Wheel,40.0,0,381,0.09,2.9,1928.0,ATL_EGY,0.990,4.200,6.658
2025-06-16 13:31:13.802,29,1,,HG2412 Cp1,131139,47049,,,,Off,0,Wheel,40.0,0,382,0.09,2.9,1928.0,ATL_EGY,0.990,4.200,6.814
2025-06-16 13:31:13.890,,,,,131139,47049,,,10000.000,Off,0,Wheel,40.0,0,382,0.10,2.9,1928.0,ATL_EGY,0.990,4.200,6.814
2025-06-16 13:31:14.050,,,,,131139,47049,131139,47049,,Off,0,Wheel,40.0,0,382,0.10,2.9,1928.0,ATL_EGY,0.990,4.200,6.814
2025-06-16 13:32:00.400,,,,,131139,47049,,,,On,5.00,Wheel,30.0,0,380,0.09,3.0,1928.0,ATL_EGY,0.990,4.200,6.814
2025-06-16 13:33:00.404,,,,,131139,47049,,,,Off,0,Wheel,30.0,0,381,0.09,2.9,1928.0,ATL_EGY,0.990,4.212,6.828
2025-06-16 13:33:00.700,30,1,,HG2412 Cp2,131108,46966,,,,Off,0,Wheel,30.0,0,381,0.09,2.9,1928.0,ATL_EGY,0.990,4.200,6.814
2025-06-16 13:33:00.902,,,,,131107,46963,,,10000.000,Off,0,Wheel,30.0,0,381,0.10,2.9,1928.0,ATL_EGY,0.990,4.200,6.814
2025-06-16 13:33:01.084,,,,,131107,46963,131107,46963,,Off,0,Wheel,30.0,0,380,0.10,2.9,1928.0,ATL_EGY,0.990,4.200,6.814
2025-06-16 13:33:47.394,,,,,131107,46963,,,,On,5.00,Wheel,30.0,0,381,0.09,2.8,1928.0,ATL_EGY,0.990,4.200,6.814
2025-06-16 13:34:47.398,,,,,131107,46963,,,,Off,0,Wheel,30.0,0,380,0.09,3.1,1928.0,ATL_EGY,1.000,4.200,6.814
2025-06-16 13:34:47.594,31,1,,HG2452 Pn4,131079,47005,,,,Off,0,Wheel,30.0,0,380,0.09,3.0,1940.9,ATL_EGY,1.000,4.200,6.814
2025-06-16 13:34:47.828,,,,,130780,47525,,,10000.000,Off,0,Wheel,30.0,0,380,0.09,3.0,1947.0,ATL_EGY,1.000,4.200,6.814
2025-06-16 13:34:52.528,,,,,124884,82636,124884,82636,,Off,0,Wheel,30.0,0,380,0.09,2.8,1947.0,ATL_EGY,1.000,4.200,6.814
2025-06-16 13:35:38.822,,,,,124884,82636,,,,On,5.00,Wheel,30.0,0,380,0.10,3.1,1947.0,ATL_EGY,1.000,4.200,6.814
2025-06-16 13:36:38.827,,,,,124884,82636,,,,Off,0,Wheel,30.0,0,380,0.10,2.9,1947.0,ATL_EGY,1.000,4.162,6.770
2025-06-16 13:36:39.109,32,1,,HG2452 Po3,125013,82674,,,,Off,0,Wheel,30.0,0,379,0.09,2.9,1947.0,ATL_EGY,1.000,4.162,6.770
2025-06-16 13:36:39.267,,,,,125104,82701,,,10000.000,Off,0,Wheel,30.0,0,380,0.09,2.9,1947.0,ATL_EGY,1.000,4.162,6.616
2025-06-16 13:36:39.463,,,,,125104,82701,125104,82701,,Off,0,Wheel,30.0,0,380,0.09,2.9,1947.0,ATL_EGY,1.000,4.162,6.616
2025-06-16 13:37:25.780,,,,,125104,82701,,,,On,5.00,Wheel,40.0,0,380,0.10,3.0,1947.0,ATL_EGY,1.000,4.200,6.658
2025-06-16 13:38:25.802,,,,,125104,82701,,,,Off,0,Wheel,40.0,0,379,0.10,2.8,1947.0,ATL_EGY,1.000,4.263,6.728
2025-06-16 13:38:26.002,33,1,,HG2452 Po4,125080,82706,,,,Off,0,Wheel,40.0,0,380,0.10,2.9,1947.0,ATL_EGY,1.000,4.275,6.742
2025-06-16 13:38:26.076,,,,,125001,82724,,,10000.000,Off,0,Wheel,40.0,0,380,0.10,2.9,1947.0,ATL_EGY,1.000,4.275,6.742
2025-06-16 13:38:26.400,,,,,124753,82779,124753,82779,,Off,0,Wheel,40.0,0,380,0.10,2.9,1947.0,ATL_EGY,1.000,4.275,6.742
2025-06-16 13:39:12.694,,,,,124753,82779,,,,On,5.00,Wheel,40.0,0,380,0.09,2.9,1947.0,ATL_EGY,1.000,4.300,6.770
2025-06-16 13:40:12.698,,,,,124753,82779,,,,Off,0,Wheel,40.0,0,380,0.08,3.0,1947.0,ATL_EGY,1.000,4.200,6.658
2025-06-16 13:40:12.998,34,1,,HG2452 Po1,124585,82882,,,,Off,0,Wheel,40.0,0,380,0.08,2.9,1947.0,ATL_EGY,1.000,4.200,6.658
2025-06-16 13:40:13.089,,,,,124379,83008,,,10000.000,Off,0,Wheel,40.0,0,380,0.08,3.0,1947.0,ATL_EGY,1.000,4.200,6.658
2025-06-16 13:40:15.684,,,,,109909,88796,109909,88796,,Off,0,Wheel,40.0,0,380,0.10,3.0,1947.0,ATL_EGY,1.000,4.200,6.658
2025-06-16 13:41:01.940,,,,,109909,88796,,,,On,5.00,Wheel,40.0,0,379,0.09,3.0,1947.0,ATL_EGY,1.000,4.200,6.658
2025-06-16 13:42:01.947,,,,,109909,88796,,,,Off,0,Wheel,40.0,0,380,0.10,2.9,1947.0,ATL_EGY,1.000,4.175,6.630
2025-06-16 13:42:02.203,35,1,,HG2452 Po2,109841,88709,,,,Off,0,Wheel,40.0,0,380,0.10,2.8,1947.0,ATL_EGY,1.000,4.187,6.644
2025-06-16 13:42:02.477,,,,,109636,88448,,,10000.000,Off,0,Wheel,40.0,0,380,0.09,2.8,1947.0,ATL_EGY,1.000,4.187,6.644
2025-06-16 13:42:02.607,,,,,109636,88448,109636,88448,,Off,0,Wheel,40.0,0,380,0.09,2.9,1947.0,ATL_EGY,1.000,4.187,6.644
2025-06-16 13:42:48.888,,,,,109636,88448,,,,On,5.00,Wheel,40.0,0,381,0.08,2.9,1947.0,ATL_EGY,1.000,4.200,6.658
2025-06-16 13:43:48.900,,,,,109636,88448,,,,Off,0,Wheel,40.0,0,379,0.09,2.9,1947.0,ATL_EGY,1.000,4.200,6.658
2025-06-16 13:44:06.393,36,1,,HG2452 Pn3,110032,88440,,,,Off,0,Wheel,40.0,0,380,0.11,2.8,1947.0,ATL_EGY,1.009,4.100,6.698
2025-06-16 13:44:06.470,,,,,110032,88440,,,10000.000,Off,0,Wheel,40.0,0,380,0.11,2.8,1947.0,ATL_EGY,1.009,4.100,6.698
2025-06-16 13:44:06.613,,,,,110032,88440,110032,88440,,Off,0,Wheel,40.0,0,380,0.10,2.8,1947.0,ATL_EGY,1.009,4.100,6.698
2025-06-16 13:44:52.915,,,,,110032,88440,,,,On,5.00,Wheel,30.0,0,380,0.09,2.9,1947.0,ATL_EGY,1.010,4.300,6.929
2025-06-16 13:45:52.921,,,,,110032,88440,,,,Off,0,Wheel,30.0,0,380,0.09,3.0,1947.0,ATL_EGY,1.000,4.187,6.799
2025-06-16 13:45:53.681,37,1,,HG2452 Pn1,108927,89071,,,,Off,0,Wheel,30.0,0,380,0.10,2.9,1947.0,ATL_EGY,1.000,4.187,6.799
2025-06-16 13:45:53.760,,,,,108913,89079,,,10000.000,Off,0,Wheel,30.0,0,380,0.10,3.0,1947.0,ATL_EGY,1.000,4.187,6.799
2025-06-16 13:45:53.937,,,,,108913,89079,108913,89079,,Off,0,Wheel,30.0,0,379,0.10,2.9,1947.0,ATL_EGY,1.000,4.187,6.799
2025-06-16 13:46:40.211,,,,,108913,89079,,,,On,5.00,Wheel,30.0,0,380,0.09,3.0,1947.0,ATL_EGY,1.000,4.200,6.814
2025-06-16 13:47:40.217,,,,,108913,89079,,,,Off,0,Wheel,30.0,0,380,0.09,2.8,1947.0,ATL_EGY,1.000,4.212,6.828
2025-06-16 13:47:40.575,38,1,,HG2452 Pn2,108856,89131,,,,Off,0,Wheel,30.0,0,380,0.09,2.9,1947.0,ATL_EGY,1.000,4.212,6.828
2025-06-16 13:47:40.671,,,,,108856,89131,,,10000.000,Off,0,Wheel,30.0,0,380,0.09,2.9,1947.0,ATL_EGY,1.000,4.212,6.828
2025-06-16 13:47:40.949,,,,,108856,89131,108856,89131,,Off,0,Wheel,30.0,0,380,0.09,2.9,1947.0,ATL_EGY,1.000,4.212,6.828
2025-06-16 13:48:27.267,,,,,108856,89131,,,,On,5.00,Wheel,30.0,0,381,0.08,2.8,1947.0,ATL_EGY,1.000,4.200,6.814
2025-06-16 13:49:27.279,,,,,108856,89131,,,,Off,0,Wheel,30.0,0,380,0.10,2.9,1947.0,ATL_EGY,1.000,4.200,6.814
2025-06-16 13:49:27.471,39,1,,HG2452 Cp1,108847,89138,,,,Off,0,Wheel,30.0,0,380,0.09,2.9,1947.0,ATL_EGY,1.000,4.200,6.814
2025-06-16 13:49:27.667,,,,,108546,89344,,,10000.000,Off,0,Wheel,30.0,0,380,0.10,3.0,1947.0,ATL_EGY,1.000,4.200,6.814
2025-06-16 13:49:27.975,,,,,108349,89480,108349,89480,,Off,0,Wheel,30.0,0,380,0.10,3.0,1947.0,ATL_EGY,1.000,4.200,6.814
2025-06-16 13:50:14.275,,,,,108349,89480,,,,On,5.00,Wheel,30.0,0,380,0.11,2.9,1947.0,ATL_EGY,1.000,4.200,6.814
2025-06-16 13:51:14.281,,,,,108349,89480,,,,Off,0,Wheel,30.0,0,381,0.10,2.9,1947.0,ATL_EGY,1.000,4.200,6.814
2025-06-16 13:51:15.135,40,1,,HG2452 Cp2,108345,89532,,,,Off,0,Wheel,30.0,0,380,0.10,3.0,1947.0,ATL_EGY,1.000,4.200,6.814
2025-06-16 13:51:15.251,,,,,108345,89532,,,10000.000,Off,0,Wheel,30.0,0,380,0.10,3.1,1947.0,ATL_EGY,1.000,4.200,6.814
2025-06-16 13:51:15.401,,,,,108345,89532,108345,89532,,Off,0,Wheel,30.0,0,380,0.10,3.0,1947.0,ATL_EGY,1.000,4.200,6.814
2025-06-16 13:52:01.729,,,,,108345,89532,,,,On,5.00,Wheel,30.0,0,380,0.09,2.9,1947.0,ATL_EGY,1.000,4.200,6.814
2025-06-16 13:53:01.733,,,,,108345,89532,,,,Off,0,Wheel,30.0,0,381,0.09,3.1,1947.0,ATL_EGY,1.000,4.137,6.741
2025-06-16 13:53:02.029,41,1,,HG2466 Py1,108184,89429,,,,Off,0,Wheel,30.0,0,380,0.09,3.0,1947.0,ATL_EGY,1.000,4.125,6.727
2025-06-16 13:53:02.257,,,,,107465,89238,,,10000.000,Off,0,Wheel,30.0,0,381,0.09,3.0,1947.0,ATL_EGY,1.000,4.125,6.727
2025-06-16 13:53:10.625,,,,,35132,82974,35132,82974,,Off,0,Wheel,30.0,0,380,0.10,2.9,1947.0,ATL_EGY,1.000,4.200,6.814
2025-06-16 13:53:56.937,,,,,35132,82974,,,,On,5.00,Wheel,30.0,0,380,0.09,2.9,1947.0,ATL_EGY,1.000,4.200,6.814
2025-06-16 13:54:56.942,,,,,35132,82974,,,,Off,0,Wheel,30.0,0,381,0.10,2.9,1947.0,ATL_EGY,1.000,4.225,6.842
2025-06-16 13:54:57.382,42,1,,HG2466 Py2,35287,82834,,,,Off,0,Wheel,30.0,0,380,0.09,2.8,1947.0,ATL_EGY,1.000,4.212,6.828
2025-06-16 13:54:57.474,,,,,35287,82834,,,10000.000,Off,0,Wheel,30.0,0,380,0.09,2.8,1947.0,ATL_EGY,1.000,4.212,6.828
2025-06-16 13:54:57.604,,,,,35287,82834,35287,82834,,Off,0,Wheel,30.0,0,380,0.09,2.8,1947.0,ATL_EGY,1.000,4.212,6.828
2025-06-16 13:55:43.875,,,,,35287,82834,,,,On,5.00,Wheel,30.0,0,380,0.10,3.0,1947.0,ATL_EGY,1.000,4.200,6.814
2025-06-16 13:56:43.892,,,,,35287,82834,,,,Off,0,Wheel,30.0,0,380,0.08,3.0,1947.0,ATL_EGY,1.000,4.200,6.814
2025-06-16 13:56:44.284,43,1,,HG2466 Po1,35566,83048,,,,Off,0,Wheel,30.0,0,381,0.09,3.0,1947.0,ATL_EGY,1.000,4.200,6.658
2025-06-16 13:56:44.518,,,,,35618,83088,,,10000.000,Off,0,Wheel,30.0,0,381,0.09,3.0,1947.0,ATL_EGY,1.000,4.200,6.658
2025-06-16 13:56:44.632,,,,,35618,83088,35618,83088,,Off,0,Wheel,30.0,0,381,0.09,3.0,1947.0,ATL_EGY,1.000,4.200,6.658
2025-06-16 13:57:30.957,,,,,35618,83088,,,,On,5.00,Wheel,40.0,0,380,0.09,3.1,1947.0,ATL_EGY,1.000,4.200,6.658
2025-06-16 13:58:30.962,,,,,35618,83088,,,,Off,0,Wheel,40.0,0,380,0.09,2.9,1947.0,ATL_EGY,1.000,4.200,6.658
2025-06-16 13:58:31.180,44,1,,HG2466 Po2,35628,83058,,,,Off,0,Wheel,40.0,0,380,0.09,2.9,1947.0,ATL_EGY,1.000,4.200,6.658
2025-06-16 13:58:31.374,,,,,35736,82748,,,10000.000,Off,0,Wheel,40.0,0,381,0.09,2.9,1947.0,ATL_EGY,1.000,4.200,6.658
2025-06-16 13:58:31.568,,,,,35763,82669,35763,82669,,Off,0,Wheel,40.0,0,381,0.09,3.0,1947.0,ATL_EGY,1.000,4.200,6.658
2025-06-16 13:59:17.797,,,,,35763,82669,,,,On,5.00,Wheel,40.0,0,380,0.10,2.9,1947.0,ATL_EGY,1.000,4.200,6.658
2025-06-16 14:00:17.802,,,,,35763,82669,,,,Off,0,Wheel,40.0,0,380,0.09,2.9,1947.0,ATL_EGY,1.000,4.150,6.601
2025-06-16 14:00:18.076,45,1,,HG2466 Py3,35680,82803,,,,Off,0,Wheel,40.0,0,380,0.08,2.9,1947.0,ATL_EGY,1.000,4.162,6.616
2025-06-16 14:00:18.248,,,,,35396,83259,,,10000.000,Off,0,Wheel,40.0,0,380,0.09,2.9,1947.0,ATL_EGY,1.000,4.162,6.770
2025-06-16 14:00:20.888,,,,,29513,97626,29513,97626,,Off,0,Wheel,40.0,0,379,0.09,3.0,1947.0,ATL_EGY,1.000,4.162,6.770
2025-06-16 14:01:07.226,,,,,29513,97626,,,,On,5.00,Wheel,30.0,0,381,0.09,3.0,1947.0,ATL_EGY,1.000,4.200,6.814
2025-06-16 14:02:07.232,,,,,29513,97626,,,,Off,0,Wheel,30.0,0,381,0.09,2.7,1947.0,ATL_EGY,1.000,4.200,6.814
2025-06-16 14:02:08.048,46,1,,HG2466 Py4,29315,97574,,,,Off,0,Wheel,30.0,0,380,0.09,2.8,1947.0,ATL_EGY,1.000,4.200,6.814
2025-06-16 14:02:08.266,,,,,29315,97574,,,10000.000,Off,0,Wheel,30.0,0,381,0.09,2.8,1947.0,ATL_EGY,1.000,4.200,6.814
2025-06-16 14:02:08.392,,,,,29315,97574,29315,97574,,Off,0,Wheel,30.0,0,380,0.09,2.8,1947.0,ATL_EGY,1.000,4.200,6.814
2025-06-16 14:02:54.644,,,,,29315,97574,,,,On,5.00,Wheel,30.0,0,381,0.09,3.1,1947.0,ATL_EGY,1.000,4.300,6.929
2025-06-16 14:03:54.648,,,,,29315,97574,,,,Off,0,Wheel,30.0,0,380,0.08,2.8,1947.0,ATL_EGY,1.000,4.212,6.828
2025-06-16 14:03:54.946,47,1,,HG2466 Py5,29473,97494,,,,Off,0,Wheel,30.0,0,380,0.08,2.9,1947.0,ATL_EGY,1.000,4.225,6.842
2025-06-16 14:03:55.114,,,,,29639,97411,,,10000.000,Off,0,Wheel,30.0,0,380,0.08,2.9,1947.0,ATL_EGY,1.000,4.225,6.842
2025-06-16 14:03:55.278,,,,,29640,97410,29640,97410,,Off,0,Wheel,30.0,0,380,0.09,2.9,1947.0,ATL_EGY,1.000,4.225,6.842
2025-06-16 14:04:41.560,,,,,29640,97410,,,,On,5.00,Wheel,30.0,0,380,0.09,2.8,1947.0,ATL_EGY,1.000,4.200,6.814
2025-06-16 14:05:41.565,,,,,29640,97410,,,,Off,0,Wheel,30.0,0,381,0.09,2.8,1947.0,ATL_EGY,1.000,4.200,6.814
2025-06-16 14:05:41.847,48,1,,HG2466 Py6,29663,97301,,,,Off,0,Wheel,30.0,0,381,0.09,2.9,1947.0,ATL_EGY,1.000,4.212,6.828
2025-06-16 14:05:42.129,,,,,29772,96783,,,10000.000,Off,0,Wheel,30.0,0,380,0.09,2.9,1947.0,ATL_EGY,1.000,4.212,6.828
2025-06-16 14:05:42.289,,,,,29780,96746,29780,96746,,Off,0,Wheel,30.0,0,380,0.08,2.9,1947.0,ATL_EGY,1.000,4.212,6.828
2025-06-16 14:06:28.584,,,,,29780,96746,,,,On,5.00,Wheel,30.0,0,380,0.09,2.9,1947.0,ATL_EGY,1.000,4.300,6.929
2025-06-16 14:07:28.590,,,,,29780,96746,,,,Off,0,Wheel,30.0,0,380,0.10,2.8,1947.0,ATL_EGY,1.000,4.187,6.799
2025-06-16 14:07:29.511,49,1,,HG2466 Po3,29165,97628,,,,Off,0,Wheel,30.0,0,380,0.09,2.8,1947.0,ATL_EGY,1.000,4.200,6.658
2025-06-16 14:07:29.561,,,,,29165,97628,,,10000.000,Off,0,Wheel,30.0,0,380,0.09,2.8,1947.0,ATL_EGY,1.000,4.200,6.658
2025-06-16 14:07:29.710,,,,,29165,97628,29165,97628,,Off,0,Wheel,30.0,0,379,0.09,2.8,1947.0,ATL_EGY,1.000,4.200,6.658
2025-06-16 14:08:15.918,,,,,29165,97628,,,,On,5.00,Wheel,40.0,0,380,0.07,2.9,1947.0,ATL_EGY,1.000,4.200,6.658
2025-06-16 14:09:15.924,,,,,29165,97628,,,,Off,0,Wheel,40.0,0,381,0.09,3.1,1947.0,ATL_EGY,1.000,4.200,6.658
2025-06-16 14:09:16.552,50,1,,HG2466 Po4,29149,97459,,,,Off,0,Wheel,40.0,0,381,0.10,2.9,1947.0,ATL_EGY,1.000,4.200,6.658
2025-06-16 14:09:16.634,,,,,29149,97459,,,10000.000,Off,0,Wheel,40.0,0,380,0.10,2.9,1947.0,ATL_EGY,1.000,4.200,6.658
2025-06-16 14:09:16.762,,,,,29149,97459,29149,97459,,Off,0,Wheel,40.0,0,380,0.10,2.9,1947.0,ATL_EGY,1.000,4.200,6.658
2025-06-16 14:10:02.986,,,,,29149,97459,,,,On,5.00,Wheel,40.0,0,381,0.10,2.9,1947.0,ATL_EGY,1.000,4.200,6.658
2025-06-16 14:11:02.990,,,,,29149,97459,,,,Off,0,Wheel,40.0,0,380,0.10,3.0,1947.0,ATL_EGY,1.000,4.200,6.658
2025-06-16 14:11:03.448,51,1,,HG2466 Cp1,29529,97667,,,,Off,0,Wheel,40.0,0,380,0.10,2.9,1947.0,ATL_EGY,1.000,4.200,6.658
2025-06-16 14:11:03.528,,,,,29581,97695,,,10000.000,Off,0,Wheel,40.0,0,380,0.09,2.9,1947.0,ATL_EGY,1.000,4.200,6.658
2025-06-16 14:11:03.722,,,,,29584,97697,29584,97697,,Off,0,Wheel,40.0,0,380,0.09,2.9,1947.0,ATL_EGY,1.000,4.200,6.658
2025-06-16 14:11:49.958,,,,,29584,97697,,,,On,5.00,Wheel,40.0,0,380,0.09,3.0,1947.0,ATL_EGY,1.000,4.200,6.658
2025-06-16 14:12:49.975,,,,,29584,97697,,,,Off,0,Wheel,40.0,0,380,0.08,2.7,1947.0,ATL_EGY,1.000,4.187,6.644
2025-06-16 14:12:50.353,52,1,,HG2466 Cp2,29627,97586,,,,Off,0,Wheel,40.0,0,380,0.08,2.8,1947.0,ATL_EGY,1.000,4.187,6.644
2025-06-16 14:12:50.487,,,,,29627,97586,,,10000.000,Off,0,Wheel,40.0,0,380,0.09,2.8,1947.0,ATL_EGY,1.000,4.187,6.644
2025-06-16 14:12:50.597,,,,,29627,97586,29627,97586,,Off,0,Wheel,40.0,0,379,0.09,2.8,1947.0,ATL_EGY,1.000,4.187,6.644
2025-06-16 14:13:36.850,,,,,29627,97586,,,,On,5.00,Wheel,40.0,0,381,0.07,2.9,1947.0,ATL_EGY,1.000,4.200,6.658
2025-06-16 14:14:36.854,,,,,29627,97586,,,,Off,0,Wheel,40.0,0,380,0.09,2.8,1947.0,ATL_EGY,1.000,4.187,6.644
2025-06-16 14:14:53.755,53,1,,HG2466 Cp3,29384,97080,,,,Off,0,Wheel,40.0,0,381,0.10,2.9,1947.0,ATL_EGY,1.009,4.100,6.698
2025-06-16 14:14:53.817,,,,,29384,97080,,,10000.000,Off,0,Wheel,40.0,0,381,0.10,2.9,1947.0,ATL_EGY,1.009,4.100,6.698
2025-06-16 14:14:53.979,,,,,29384,97080,29384,97080,,Off,0,Wheel,40.0,0,381,0.10,2.9,1947.0,ATL_EGY,1.009,4.100,6.698
2025-06-16 14:15:40.243,,,,,29384,97080,,,,On,5.00,Wheel,30.0,0,379,0.09,2.8,1947.0,ATL_EGY,1.010,4.200,6.814
2025-06-16 14:16:40.247,,,,,29384,97080,,,,Off,0,Wheel,30.0,0,380,0.08,3.0,1947.0,ATL_EGY,1.000,4.212,6.828
2025-06-16 14:16:41.053,54,1,,STDGL3,31408,94689,,,,Off,0,Wheel,30.0,0,380,0.09,3.0,2011.7,ATL_EGY,1.000,4.212,6.672
2025-06-16 14:16:41.107,,,,,31654,94301,,,10000.000,Off,0,Wheel,30.0,0,380,0.09,3.0,2011.7,ATL_EGY,1.000,4.212,6.672
2025-06-16 14:16:50.746,,,,,72402,17542,72402,17542,,Off,0,Wheel,30.0,0,380,0.09,3.0,2011.7,ATL_EGY,1.000,4.200,6.658
2025-06-16 14:17:36.593,,,,,72402,17542,,,,On,5.00,Wheel,40.0,0,381,0.08,3.0,2011.7,ATL_EGY,1.000,4.200,6.658
2025-06-16 14:18:36.599,,,,,72402,17542,,,,Off,0,Wheel,40.0,0,381,0.10,3.1,2011.7,ATL_EGY,1.000,4.200,6.658
2025-06-16 14:18:37.175,55,1,,STDGL3,73523,17703,,,,Off,0,Wheel,40.0,0,381,0.10,3.1,2011.7,ATL_EGY,1.000,4.200,6.658
2025-06-16 14:18:37.224,,,,,73762,17727,,,10000.000,Off,0,Wheel,40.0,0,382,0.10,3.1,2011.7,ATL_EGY,1.000,4.200,6.658
2025-06-16 14:18:38.235,,,,,76105,17998,76105,17998,,Off,0,Wheel,40.0,0,380,0.10,3.1,2011.7,ATL_EGY,1.000,4.200,6.658
2025-06-16 14:19:24.079,,,,,76105,17998,,,,On,5.00,Wheel,40.0,0,380,0.09,3.0,2011.7,ATL_EGY,1.000,4.200,6.658
2025-06-16 14:20:24.083,,,,,76105,17998,,,,Off,0,Wheel,40.0,0,380,0.09,3.0,2011.7,ATL_EGY,1.000,4.150,6.601
2025-06-16 14:20:24.841,56,1,,Po724,78036,17313,,,,Off,0,Wheel,40.0,0,380,0.09,2.9,1968.2,ATL_EGY,1.000,4.150,6.601
2025-06-16 14:20:24.922,,,,,78565,17208,,,10000.000,Off,0,Wheel,40.0,0,380,0.08,2.9,1968.2,ATL_EGY,1.000,4.150,6.601
2025-06-16 14:20:29.079,,,,,109048,12576,109048,12576,,Off,0,Wheel,40.0,0,381,0.09,2.9,1968.2,ATL_EGY,1.000,4.175,6.630
2025-06-16 14:21:14.925,,,,,109048,12576,,,,On,5.00,Wheel,40.0,0,380,0.08,2.9,1968.2,ATL_EGY,1.000,4.200,6.658
2025-06-16 14:22:14.931,,,,,109048,12576,,,,Off,0,Wheel,40.0,0,380,0.09,3.0,1968.2,ATL_EGY,1.000,4.225,6.686
2025-06-16 14:22:15.584,57,1,,Po724,108040,13726,,,,Off,0,Wheel,40.0,0,381,0.09,3.0,1968.2,ATL_EGY,1.000,4.225,6.686
2025-06-16 14:22:15.672,,,,,107848,13945,,,10000.000,Off,0,Wheel,40.0,0,380,0.09,3.1,1968.2,ATL_EGY,1.000,4.225,6.686
2025-06-16 14:22:15.993,,,,,107664,14154,107664,14154,,Off,0,Wheel,40.0,0,381,0.09,3.0,1968.2,ATL_EGY,1.000,4.225,6.686
2025-06-16 14:23:01.837,,,,,107664,14154,,,,On,5.00,Wheel,40.0,0,379,0.10,2.9,1968.2,ATL_EGY,1.000,4.200,6.658
2025-06-16 14:24:01.841,,,,,107664,14154,,,,Off,0,Wheel,40.0,0,379,0.10,3.0,1968.2,ATL_EGY,1.000,4.187,6.644
2025-06-16 14:24:02.477,58,1,,Peru Py,106209,13692,,,,Off,0,Wheel,40.0,0,380,0.10,3.0,2011.7,ATL_EGY,1.000,4.175,6.630
2025-06-16 14:24:02.547,,,,,105733,13609,,,10000.000,Off,0,Wheel,40.0,0,380,0.09,3.0,2011.7,ATL_EGY,1.000,4.175,6.630
2025-06-16 14:24:06.453,,,,,77963,10288,77963,10288,,Off,0,Wheel,40.0,0,380,0.09,2.9,2011.7,ATL_EGY,1.000,4.125,6.573
2025-06-16 14:24:52.291,,,,,77963,10288,,,,On,5.00,Wheel,40.0,0,380,0.09,3.0,2011.7,ATL_EGY,1.000,4.200,6.658
2025-06-16 14:25:52.297,,,,,77963,10288,,,,Off,0,Wheel,40.0,0,381,0.10,3.0,2011.7,ATL_EGY,1.000,4.212,6.672
2025-06-16 14:25:53.220,59,1,,Peru Py,77802,9660,,,,Off,0,Wheel,40.0,0,380,0.10,3.0,2011.7,ATL_EGY,1.000,4.212,6.828
2025-06-16 14:25:53.442,,,,,77802,9660,,,10000.000,Off,0,Wheel,40.0,0,380,0.10,3.0,2011.7,ATL_EGY,1.000,4.212,6.828
2025-06-16 14:25:53.577,,,,,77802,9660,77802,9660,,Off,0,Wheel,40.0,0,380,0.10,3.0,2011.7,ATL_EGY,1.000,4.212,6.828
2025-06-16 14:26:39.487,,,,,77802,9660,,,,On,5.00,Wheel,30.0,0,380,0.10,2.8,2011.7,ATL_EGY,1.000,4.200,6.814
2025-06-16 14:27:39.492,,,,,77802,9660,,,,Off,0,Wheel,30.0,0,380,0.10,2.9,2011.7,ATL_EGY,1.000,4.237,6.857
2025-06-16 14:28:06.668,60,1,,NIST610,81243,18461,,,,Off,0,Wheel,30.0,0,380,0.09,3.0,2011.0,ATL_EGY,1.080,5.200,7.750
2025-06-16 14:28:06.772,,,,,81243,18461,,,10000.000,Off,0,Wheel,30.0,0,381,0.09,3.0,2011.0,ATL_EGY,1.080,5.200,7.750
2025-06-16 14:28:06.892,,,,,81243,18461,81243,18461,,Off,0,Wheel,30.0,0,381,0.09,3.0,2011.0,ATL_EGY,1.080,5.200,7.750
2025-06-16 14:29:47.412,,,,,81243,18461,,,,On,10.00,Wheel,40.0,0,380,0.08,2.8,2011.0,ATL_EGY,1.080,5.300,7.855
2025-06-16 14:30:47.415,,,,,81243,18461,,,,Off,0,Wheel,40.0,0,380,0.08,2.7,2011.0,ATL_EGY,1.080,5.263,7.816
2025-06-16 14:30:47.769,61,1,,NIST610,81006,18590,,,,Off,0,Wheel,40.0,0,380,0.08,2.9,2011.7,ATL_EGY,1.080,5.250,7.803
2025-06-16 14:30:47.922,,,,,80633,18793,,,10000.000,Off,0,Wheel,40.0,0,380,0.08,2.9,2011.7,ATL_EGY,1.080,5.250,7.803
2025-06-16 14:30:48.251,,,,,80437,18900,80437,18900,,Off,0,Wheel,40.0,0,380,0.08,2.8,2011.7,ATL_EGY,1.080,5.250,7.803
2025-06-16 14:31:28.787,,,,,80437,18900,,,,On,10.00,Wheel,40.0,0,381,0.10,2.9,2011.7,ATL_EGY,1.070,5.300,7.855
2025-06-16 14:32:28.791,,,,,80437,18900,,,,Off,0,Wheel,40.0,0,380,0.09,2.9,2011.7,ATL_EGY,1.080,5.200,7.750
2025-06-16 14:32:29.301,62,1,,GSD-1G,80163,18085,,,,Off,0,Wheel,40.0,0,380,0.09,2.9,2011.7,ATL_EGY,1.080,5.187,7.737
2025-06-16 14:32:29.400,,,,,79999,17601,,,10000.000,Off,0,Wheel,40.0,0,380,0.09,2.8,2011.7,ATL_EGY,1.080,5.187,7.737
2025-06-16 14:32:30.551,,,,,79037,14601,79037,14601,,Off,0,Wheel,40.0,0,380,0.08,2.8,2011.7,ATL_EGY,1.080,5.175,7.724
2025-06-16 14:33:11.116,,,,,79037,14601,,,,On,10.00,Wheel,40.0,0,380,0.08,2.9,2011.7,ATL_EGY,1.080,5.200,7.750
2025-06-16 14:34:11.120,,,,,79037,14601,,,,Off,0,Wheel,40.0,0,380,0.10,2.8,2011.7,ATL_EGY,1.070,5.225,7.776
2025-06-16 14:34:11.592,63,1,,GSD-1G,79523,14314,,,,Off,0,Wheel,40.0,0,380,0.09,2.8,2011.7,ATL_EGY,1.070,5.225,7.776
2025-06-16 14:34:11.720,,,,,80003,14030,,,10000.000,Off,0,Wheel,40.0,0,380,0.09,2.8,2011.7,ATL_EGY,1.070,5.225,7.776
2025-06-16 14:34:12.344,,,,,80889,13507,80889,13507,,Off,0,Wheel,40.0,0,379,0.10,2.9,2011.7,ATL_EGY,1.070,5.225,7.776
2025-06-16 14:34:52.907,,,,,80889,13507,,,,On,10.00,Wheel,40.0,0,380,0.10,2.9,2011.7,ATL_EGY,1.070,5.200,7.750
2025-06-16 14:35:52.914,,,,,80889,13507,,,,Off,0,Wheel,40.0,0,380,0.10,2.9,2011.7,ATL_EGY,1.070,5.225,7.776
2025-06-16 14:36:18.880,64,1,,STDGL3,72451,17920,,,,Off,0,Wheel,40.0,0,380,0.10,3.0,2011.7,ATL_EGY,1.010,4.212,6.692
2025-06-16 14:36:19.091,,,,,72451,17920,,,10000.000,Off,0,Wheel,40.0,0,380,0.10,2.9,2011.7,ATL_EGY,1.010,4.212,6.692
2025-06-16 14:36:19.230,,,,,72451,17920,72451,17920,,Off,0,Wheel,40.0,0,380,0.10,3.0,2011.7,ATL_EGY,1.010,4.212,6.692
2025-06-16 14:36:59.753,,,,,72451,17920,,,,On,10.00,Wheel,40.0,0,380,0.10,2.9,2011.7,ATL_EGY,1.010,4.200,6.678
2025-06-16 14:37:59.760,,,,,72451,17920,,,,Off,0,Wheel,40.0,0,381,0.11,2.9,2011.7,ATL_EGY,1.005,4.263,6.748
2025-06-16 14:38:00.020,65,1,,STDGL3,72522,17913,,,,Off,0,Wheel,40.0,0,380,0.11,2.8,2011.7,ATL_EGY,1.004,4.250,6.734
2025-06-16 14:38:00.308,,,,,73330,17890,,,10000.000,Off,0,Wheel,40.0,0,380,0.11,2.9,2011.7,ATL_EGY,1.004,4.250,6.734
2025-06-16 14:38:01.527,,,,,76370,17828,76370,17828,,Off,0,Wheel,40.0,0,380,0.09,3.0,2011.7,ATL_EGY,1.003,4.237,6.720
2025-06-16 14:38:42.096,,,,,76370,17828,,,,On,10.00,Wheel,40.0,0,380,0.08,2.9,2011.7,ATL_EGY,1.000,4.200,6.678
2025-06-16 14:39:42.100,,,,,76370,17828,,,,Off,0,Wheel,40.0,0,380,0.11,2.7,2011.7,ATL_EGY,1.010,4.237,6.720
2025-06-16 14:39:42.304,66,1,,Po724,76412,17801,,,,Off,0,Wheel,40.0,0,380,0.10,2.7,1993.5,ATL_EGY,1.010,4.237,6.720
2025-06-16 14:39:42.365,,,,,76484,17753,,,10000.000,Off,0,Wheel,40.0,0,380,0.10,2.7,1972.4,ATL_EGY,1.010,4.237,6.720
2025-06-16 14:39:46.954,,,,,109564,12781,109564,12781,,Off,0,Wheel,40.0,0,381,0.09,3.1,1968.2,ATL_EGY,1.010,4.212,6.692
2025-06-16 14:40:27.554,,,,,109564,12781,,,,On,10.00,Wheel,40.0,0,379,0.09,2.8,1968.2,ATL_EGY,1.010,4.300,6.789
2025-06-16 14:41:27.560,,,,,109564,12781,,,,Off,0,Wheel,40.0,0,381,0.09,3.0,1968.2,ATL_EGY,1.010,4.200,6.678
2025-06-16 14:41:28.440,67,1,,Po724,108289,14028,,,,Off,0,Wheel,40.0,0,380,0.09,2.8,1968.2,ATL_EGY,1.010,4.212,6.692
2025-06-16 14:41:28.520,,,,,108289,14028,,,10000.000,Off,0,Wheel,40.0,0,380,0.09,2.9,1968.2,ATL_EGY,1.010,4.212,6.692
2025-06-16 14:41:28.662,,,,,108289,14028,108289,14028,,Off,0,Wheel,40.0,0,380,0.09,2.8,1968.2,ATL_EGY,1.010,4.212,6.692
2025-06-16 14:42:09.164,,,,,108289,14028,,,,On,10.00,Wheel,40.0,0,381,0.10,2.9,1968.2,ATL_EGY,1.010,4.200,6.678
2025-06-16 14:43:09.170,,,,,108289,14028,,,,Off,0,Wheel,40.0,0,380,0.09,3.0,1968.2,ATL_EGY,1.010,4.162,6.636
2025-06-16 14:43:35.723,68,1,,sp,23829,17849,,,,Off,0,Wheel,40.0,0,380,0.09,2.8,1994.0,ATL_EGY,1.090,5.187,6.955
2025-06-16 14:43:35.797,,,,,23829,17849,,,10000.000,Off,0,Wheel,40.0,0,380,0.09,2.8,1994.0,ATL_EGY,1.090,5.187,6.955
2025-06-16 14:43:35.959,,,,,23829,17849,23829,17849,,Off,0,Wheel,40.0,0,380,0.09,2.8,1994.0,ATL_EGY,1.090,5.187,6.955
2025-06-16 14:44:16.720,,,,,23829,17849,,,,On,10.00,Wheel,100.0,0,380,0.09,2.9,1994.0,ATL_EGY,1.090,5.200,6.967
2025-06-16 14:45:16.727,,,,,23829,17849,,,,Off,0,Wheel,100.0,0,380,0.08,2.8,1994.0,ATL_EGY,1.070,5.175,6.943
2025-06-16 14:45:17.639,69,1,,sp,22591,17783,,,,Off,0,Wheel,100.0,0,380,0.08,2.9,1994.0,ATL_EGY,1.070,5.187,6.955
2025-06-16 14:45:17.719,,,,,22591,17783,,,10000.000,Off,0,Wheel,100.0,0,381,0.09,2.9,1994.0,ATL_EGY,1.070,5.187,6.955
2025-06-16 14:45:17.837,,,,,22591,17783,22591,17783,,Off,0,Wheel,100.0,0,380,0.09,2.9,1994.0,ATL_EGY,1.070,5.187,6.955
2025-06-16 14:45:58.642,,,,,22591,17783,,,,On,10.00,Wheel,100.0,0,380,0.08,2.9,1994.0,ATL_EGY,1.070,5.200,6.967
2025-06-16 14:46:58.649,,,,,22591,17783,,,,Off,0,Wheel,100.0,0,380,0.09,2.9,1994.0,ATL_EGY,1.073,5.187,6.955
2025-06-16 14:46:59.151,70,1,,sp,22646,18134,,,,Off,0,Wheel,100.0,0,380,0.09,2.9,1994.0,ATL_EGY,1.074,5.187,6.955
2025-06-16 14:46:59.261,,,,,22646,18134,,,10000.000,Off,0,Wheel,100.0,0,380,0.09,2.9,1994.0,ATL_EGY,1.074,5.187,6.955
2025-06-16 14:46:59.423,,,,,22646,18134,22646,18134,,Off,0,Wheel,100.0,0,380,0.09,2.9,1994.0,ATL_EGY,1.074,5.187,6.955
2025-06-16 14:47:40.333,,,,,22646,18134,,,,On,10.00,Wheel,100.0,0,380,0.09,2.9,1994.0,ATL_EGY,1.080,5.200,6.967
2025-06-16 14:48:40.337,,,,,22646,18134,,,,Off,0,Wheel,100.0,0,379,0.09,2.8,1994.0,ATL_EGY,1.070,5.175,6.943
2025-06-16 14:48:40.667,71,1,,sp,22391,18164,,,,Off,0,Wheel,100.0,0,379,0.09,2.9,1994.0,ATL_EGY,1.070,5.175,6.943
2025-06-16 14:48:40.823,,,,,22009,18209,,,10000.000,Off,0,Wheel,100.0,0,379,0.09,2.9,1994.0,ATL_EGY,1.070,5.175,6.943
2025-06-16 14:48:41.119,,,,,21831,18230,21831,18230,,Off,0,Wheel,100.0,0,379,0.09,2.9,1994.0,ATL_EGY,1.070,5.175,6.943
2025-06-16 14:49:21.920,,,,,21831,18230,,,,On,10.00,Wheel,100.0,0,380,0.09,3.0,1994.0,ATL_EGY,1.070,5.200,6.967
2025-06-16 14:50:21.938,,,,,21831,18230,,,,Off,0,Wheel,100.0,0,381,0.10,3.0,1994.0,ATL_EGY,1.070,5.175,6.943
2025-06-16 14:50:22.184,72,1,,sp,21742,18165,,,,Off,0,Wheel,100.0,0,381,0.09,2.9,1994.0,ATL_EGY,1.070,5.187,6.955
2025-06-16 14:50:22.439,,,,,21183,17754,,,10000.000,Off,0,Wheel,100.0,0,381,0.09,2.8,1994.0,ATL_EGY,1.070,5.187,6.955
2025-06-16 14:50:22.764,,,,,21013,17630,21013,17630,,Off,0,Wheel,100.0,0,381,0.09,2.9,1994.0,ATL_EGY,1.070,5.187,6.955
2025-06-16 14:51:03.585,,,,,21013,17630,,,,On,10.00,Wheel,100.0,0,380,0.09,2.8,1994.0,ATL_EGY,1.070,5.200,6.967
2025-06-16 14:52:03.588,,,,,21013,17630,,,,Off,0,Wheel,100.0,0,380,0.08,2.9,1994.0,ATL_EGY,1.080,5.175,6.943
2025-06-16 14:52:04.472,73,1,,sp,19215,17624,,,,Off,0,Wheel,100.0,0,380,0.09,2.9,1994.0,ATL_EGY,1.080,5.187,6.955
2025-06-16 14:52:04.583,,,,,19187,17623,,,10000.000,Off,0,Wheel,100.0,0,380,0.09,2.9,1994.0,ATL_EGY,1.080,5.187,6.955
2025-06-16 14:52:04.744,,,,,19187,17623,19187,17623,,Off,0,Wheel,100.0,0,381,0.09,3.0,1994.0,ATL_EGY,1.080,5.187,6.955
2025-06-16 14:52:45.557,,,,,19187,17623,,,,On,10.00,Wheel,100.0,0,380,0.09,2.8,1994.0,ATL_EGY,1.080,5.200,6.967
2025-06-16 14:53:45.561,,,,,19187,17623,,,,Off,0,Wheel,100.0,0,381,0.09,2.7,1994.0,ATL_EGY,1.080,5.162,6.932
2025-06-16 14:53:45.987,74,1,,sp,18897,17824,,,,Off,0,Wheel,100.0,0,380,0.09,2.7,1994.0,ATL_EGY,1.080,5.150,6.920
2025-06-16 14:53:46.155,,,,,18763,17917,,,10000.000,Off,0,Wheel,100.0,0,380,0.09,2.8,1994.0,ATL_EGY,1.080,5.150,6.920
2025-06-16 14:53:46.357,,,,,18763,17917,18763,17917,,Off,0,Wheel,100.0,0,380,0.10,2.8,1994.0,ATL_EGY,1.080,5.150,6.920
2025-06-16 14:54:27.145,,,,,18763,17917,,,,On,10.00,Wheel,100.0,0,379,0.08,2.9,1994.0,ATL_EGY,1.080,5.100,6.872
2025-06-16 14:55:27.149,,,,,18763,17917,,,,Off,0,Wheel,100.0,0,380,0.09,2.9,1994.0,ATL_EGY,1.080,5.200,6.967
2025-06-16 14:55:27.521,75,1,,sp,18489,17690,,,,Off,0,Wheel,100.0,0,380,0.09,2.9,1994.0,ATL_EGY,1.080,5.200,6.967
2025-06-16 14:55:27.767,,,,,18292,17527,,,10000.000,Off,0,Wheel,100.0,0,380,0.09,2.9,1994.0,ATL_EGY,1.080,5.200,6.967
2025-06-16 14:55:27.911,,,,,18292,17527,18292,17527,,Off,0,Wheel,100.0,0,380,0.08,2.9,1994.0,ATL_EGY,1.080,5.200,6.967
2025-06-16 14:56:08.739,,,,,18292,17527,,,,On,10.00,Wheel,100.0,0,380,0.10,2.9,1994.0,ATL_EGY,1.080,5.200,6.967
2025-06-16 14:57:08.743,,,,,18292,17527,,,,Off,0,Wheel,100.0,0,381,0.09,3.0,1994.0,ATL_EGY,1.081,5.162,6.932
2025-06-16 14:57:09.039,76,1,,sp,18340,17497,,,,Off,0,Wheel,100.0,0,381,0.09,3.0,1994.0,ATL_EGY,1.083,5.162,6.932
2025-06-16 14:57:09.361,,,,,18912,17132,,,10000.000,Off,0,Wheel,100.0,0,381,0.10,3.0,1994.0,ATL_EGY,1.083,5.162,6.932
2025-06-16 14:57:09.525,,,,,18958,17103,18958,17103,,Off,0,Wheel,100.0,0,381,0.09,3.0,1994.0,ATL_EGY,1.083,5.162,6.932
2025-06-16 14:57:50.346,,,,,18958,17103,,,,On,10.00,Wheel,100.0,0,381,0.09,2.9,1994.0,ATL_EGY,1.080,5.300,7.061
2025-06-16 14:58:50.356,,,,,18958,17103,,,,Off,0,Wheel,100.0,0,380,0.10,3.0,1994.0,ATL_EGY,1.080,5.175,6.943
2025-06-16 14:58:50.556,77,1,,sp,18935,17079,,,,Off,0,Wheel,100.0,0,380,0.10,2.9,1994.0,ATL_EGY,1.080,5.175,6.943
2025-06-16 14:58:50.620,,,,,18855,16997,,,10000.000,Off,0,Wheel,100.0,0,380,0.10,2.9,1994.0,ATL_EGY,1.080,5.175,6.943
2025-06-16 14:58:50.990,,,,,18501,16631,18501,16631,,Off,0,Wheel,100.0,0,380,0.10,2.9,1994.0,ATL_EGY,1.080,5.175,6.943
2025-06-16 14:59:31.756,,,,,18501,16631,,,,On,10.00,Wheel,100.0,0,380,0.10,2.9,1994.0,ATL_EGY,1.080,5.200,6.967
2025-06-16 15:00:31.759,,,,,18501,16631,,,,Off,0,Wheel,100.0,0,380,0.09,2.9,1994.0,ATL_EGY,1.080,5.237,7.002
2025-06-16 15:00:32.071,78,1,,sp,18648,16627,,,,Off,0,Wheel,100.0,0,380,0.09,3.0,1994.0,ATL_EGY,1.080,5.225,6.991
2025-06-16 15:00:32.376,,,,,19618,16617,,,10000.000,Off,0,Wheel,100.0,0,381,0.09,3.0,1994.0,ATL_EGY,1.080,5.225,6.991
2025-06-16 15:00:32.957,,,,,20419,16606,20419,16606,,Off,0,Wheel,100.0,0,381,0.10,2.9,1994.0,ATL_EGY,1.080,5.212,6.979
2025-06-16 15:01:13.759,,,,,20419,16606,,,,On,10.00,Wheel,100.0,0,380,0.11,2.8,1994.0,ATL_EGY,1.080,5.300,7.061
2025-06-16 15:02:13.776,,,,,20419,16606,,,,Off,0,Wheel,100.0,0,380,0.08,2.8,1994.0,ATL_EGY,1.080,5.212,6.979
2025-06-16 15:02:14.358,79,1,,sp,21418,16450,,,,Off,0,Wheel,100.0,0,380,0.08,2.9,1994.0,ATL_EGY,1.080,5.212,6.979
2025-06-16 15:02:14.456,,,,,21654,16413,,,10000.000,Off,0,Wheel,100.0,0,380,0.09,2.9,1994.0,ATL_EGY,1.080,5.212,6.979
2025-06-16 15:02:14.776,,,,,21837,16384,21837,16384,,Off,0,Wheel,100.0,0,380,0.10,2.8,1994.0,ATL_EGY,1.080,5.212,6.979
2025-06-16 15:02:55.587,,,,,21837,16384,,,,On,10.00,Wheel,100.0,0,380,0.10,2.8,1994.0,ATL_EGY,1.080,5.200,6.967
2025-06-16 15:03:55.598,,,,,21837,16384,,,,Off,0,Wheel,100.0,0,380,0.09,2.7,1994.0,ATL_EGY,1.075,5.200,6.967
2025-06-16 15:03:55.874,80,1,,sp,21866,16499,,,,Off,0,Wheel,100.0,0,380,0.08,2.8,1994.0,ATL_EGY,1.074,5.200,6.967
2025-06-16 15:03:56.114,,,,,21909,16666,,,10000.000,Off,0,Wheel,100.0,0,380,0.09,2.7,1994.0,ATL_EGY,1.074,5.200,6.967
2025-06-16 15:03:56.334,,,,,21909,16666,21909,16666,,Off,0,Wheel,100.0,0,381,0.09,2.8,1994.0,ATL_EGY,1.074,5.200,6.967
2025-06-16 15:04:37.189,,,,,21909,16666,,,,On,10.00,Wheel,100.0,0,379,0.09,3.0,1994.0,ATL_EGY,1.070,5.200,6.967
2025-06-16 15:05:37.194,,,,,21909,16666,,,,Off,0,Wheel,100.0,0,380,0.10,3.0,1994.0,ATL_EGY,1.080,5.238,7.002
2025-06-16 15:05:37.390,81,1,,sp,21953,16684,,,,Off,0,Wheel,100.0,0,380,0.10,2.9,1994.0,ATL_EGY,1.080,5.238,7.002
2025-06-16 15:05:37.720,,,,,22623,16951,,,10000.000,Off,0,Wheel,100.0,0,380,0.10,2.9,1994.0,ATL_EGY,1.080,5.238,7.002
2025-06-16 15:05:37.930,,,,,22738,16997,22738,16997,,Off,0,Wheel,100.0,0,381,0.09,2.9,1994.0,ATL_EGY,1.080,5.238,7.002
2025-06-16 15:06:18.732,,,,,22738,16997,,,,On,10.00,Wheel,100.0,0,380,0.09,2.9,1994.0,ATL_EGY,1.080,5.300,7.061
2025-06-16 15:07:18.738,,,,,22738,16997,,,,Off,0,Wheel,100.0,0,381,0.08,3.0,1994.0,ATL_EGY,1.070,5.225,6.991
2025-06-16 15:07:19.692,82,1,,sp,23508,16297,,,,Off,0,Wheel,100.0,0,381,0.09,2.9,1994.0,ATL_EGY,1.070,5.237,7.002
2025-06-16 15:07:19.778,,,,,23508,16297,,,10000.000,Off,0,Wheel,100.0,0,381,0.09,2.9,1994.0,ATL_EGY,1.070,5.237,7.002
2025-06-16 15:07:19.924,,,,,23508,16297,23508,16297,,Off,0,Wheel,100.0,0,381,0.09,2.9,1994.0,ATL_EGY,1.070,5.237,7.002
2025-06-16 15:08:00.700,,,,,23508,16297,,,,On,10.00,Wheel,100.0,0,380,0.08,2.9,1994.0,ATL_EGY,1.070,5.300,7.061
2025-06-16 15:09:00.706,,,,,23508,16297,,,,Off,0,Wheel,100.0,0,380,0.09,3.0,1994.0,ATL_EGY,1.080,5.137,6.908
2025-06-16 15:09:01.194,83,1,,sp,24035,16477,,,,Off,0,Wheel,100.0,0,380,0.09,2.8,1994.0,ATL_EGY,1.080,5.150,6.920
2025-06-16 15:09:01.352,,,,,24192,16530,,,10000.000,Off,0,Wheel,100.0,0,380,0.09,2.9,1994.0,ATL_EGY,1.080,5.150,6.920
2025-06-16 15:09:01.490,,,,,24194,16531,24194,16531,,Off,0,Wheel,100.0,0,381,0.09,2.9,1994.0,ATL_EGY,1.080,5.150,6.920
2025-06-16 15:09:42.335,,,,,24194,16531,,,,On,10.00,Wheel,100.0,0,381,0.09,2.9,1994.0,ATL_EGY,1.080,5.200,6.967
2025-06-16 15:10:42.354,,,,,24194,16531,,,,Off,0,Wheel,100.0,0,380,0.09,2.9,1994.0,ATL_EGY,1.080,5.150,6.920
2025-06-16 15:10:42.712,84,1,,sp,23966,16404,,,,Off,0,Wheel,100.0,0,381,0.09,2.9,1994.0,ATL_EGY,1.080,5.137,6.908
2025-06-16 15:10:42.994,,,,,22906,15813,,,10000.000,Off,0,Wheel,100.0,0,380,0.09,2.9,1994.0,ATL_EGY,1.080,5.137,6.908
2025-06-16 15:10:43.712,,,,,21722,15152,21722,15152,,Off,0,Wheel,100.0,0,380,0.09,2.9,1994.0,ATL_EGY,1.080,5.125,6.896
2025-06-16 15:11:24.492,,,,,21722,15152,,,,On,10.00,Wheel,100.0,0,379,0.09,2.9,1994.0,ATL_EGY,1.080,5.200,6.967
2025-06-16 15:12:24.512,,,,,21722,15152,,,,Off,0,Wheel,100.0,0,381,0.10,2.8,1994.0,ATL_EGY,1.080,5.200,6.967
2025-06-16 15:12:24.990,85,1,,sp,22315,15268,,,,Off,0,Wheel,100.0,0,380,0.10,2.9,1994.0,ATL_EGY,1.080,5.175,6.943
2025-06-16 15:12:25.070,,,,,22460,15296,,,10000.000,Off,0,Wheel,100.0,0,380,0.09,3.0,1994.0,ATL_EGY,1.080,5.175,6.943
2025-06-16 15:12:25.320,,,,,22558,15315,22558,15315,,Off,0,Wheel,100.0,0,380,0.10,3.0,1994.0,ATL_EGY,1.080,5.175,6.943
2025-06-16 15:13:06.108,,,,,22558,15315,,,,On,10.00,Wheel,100.0,0,380,0.10,2.7,1994.0,ATL_EGY,1.080,5.200,6.967
2025-06-16 15:14:06.124,,,,,22558,15315,,,,Off,0,Wheel,100.0,0,381,0.11,3.0,1994.0,ATL_EGY,1.080,5.175,6.943
2025-06-16 15:14:23.017,86,1,,sp,21253,14497,,,,Off,0,Wheel,100.0,0,380,0.09,2.9,1994.0,ATL_EGY,1.080,5.187,6.955
2025-06-16 15:14:23.085,,,,,21253,14497,,,10000.000,Off,0,Wheel,100.0,0,380,0.09,2.9,1994.0,ATL_EGY,1.080,5.187,6.955
2025-06-16 15:14:23.239,,,,,21253,14497,21253,14497,,Off,0,Wheel,100.0,0,380,0.10,2.9,1994.0,ATL_EGY,1.080,5.187,6.955
2025-06-16 15:15:03.988,,,,,21253,14497,,,,On,10.00,Wheel,100.0,0,380,0.09,2.9,1994.0,ATL_EGY,1.080,5.300,7.061
2025-06-16 15:16:03.992,,,,,21253,14497,,,,Off,0,Wheel,100.0,0,380,0.10,3.0,1994.0,ATL_EGY,1.080,5.175,6.943
2025-06-16 15:16:04.166,87,1,,sp,21235,14495,,,,Off,0,Wheel,100.0,0,380,0.10,2.9,1994.0,ATL_EGY,1.080,5.175,6.943
2025-06-16 15:16:04.470,,,,,20752,14443,,,10000.000,Off,0,Wheel,100.0,0,380,0.09,2.9,1994.0,ATL_EGY,1.080,5.175,6.943
2025-06-16 15:16:04.634,,,,,20706,14438,20706,14438,,Off,0,Wheel,100.0,0,380,0.10,2.8,1994.0,ATL_EGY,1.080,5.175,6.943
2025-06-16 15:16:45.453,,,,,20706,14438,,,,On,10.00,Wheel,100.0,0,380,0.09,2.9,1994.0,ATL_EGY,1.080,5.200,6.967
2025-06-16 15:17:45.456,,,,,20706,14438,,,,Off,0,Wheel,100.0,0,379,0.09,2.8,1994.0,ATL_EGY,1.070,5.250,7.014
2025-06-16 15:17:45.680,88,1,,sp,20671,14445,,,,Off,0,Wheel,100.0,0,379,0.09,2.8,1994.0,ATL_EGY,1.070,5.237,7.002
2025-06-16 15:17:46.008,,,,,19809,14627,,,10000.000,Off,0,Wheel,100.0,0,379,0.10,2.8,1994.0,ATL_EGY,1.070,5.237,7.002
2025-06-16 15:17:46.704,,,,,18697,14862,18697,14862,,Off,0,Wheel,100.0,0,380,0.10,2.8,1994.0,ATL_EGY,1.070,5.225,6.991
2025-06-16 15:18:27.552,,,,,18697,14862,,,,On,10.00,Wheel,100.0,0,380,0.08,2.9,1994.0,ATL_EGY,1.070,5.300,7.061
2025-06-16 15:19:27.556,,,,,18697,14862,,,,Off,0,Wheel,100.0,0,380,0.08,3.1,1994.0,ATL_EGY,1.080,5.225,6.991
2025-06-16 15:19:27.964,89,1,,sp,18992,14482,,,,Off,0,Wheel,100.0,0,380,0.08,3.0,1994.0,ATL_EGY,1.080,5.225,6.991
2025-06-16 15:19:28.164,,,,,19441,13904,,,10000.000,Off,0,Wheel,100.0,0,380,0.09,3.0,1994.0,ATL_EGY,1.080,5.225,6.991
2025-06-16 15:19:28.452,,,,,19571,13736,19571,13736,,Off,0,Wheel,100.0,0,381,0.08,2.9,1994.0,ATL_EGY,1.080,5.225,6.991
2025-06-16 15:20:09.250,,,,,19571,13736,,,,On,10.00,Wheel,100.0,0,380,0.09,2.8,1994.0,ATL_EGY,1.070,5.200,6.967
2025-06-16 15:21:09.254,,,,,19571,13736,,,,Off,0,Wheel,100.0,0,381,0.09,3.0,1994.0,ATL_EGY,1.080,5.200,6.967
2025-06-16 15:21:09.479,90,1,,sp,19625,13743,,,,Off,0,Wheel,100.0,0,381,0.09,2.9,1994.0,ATL_EGY,1.080,5.200,6.967
2025-06-16 15:21:09.827,,,,,20646,13834,,,10000.000,Off,0,Wheel,100.0,0,381,0.09,3.0,1994.0,ATL_EGY,1.080,5.200,6.967
2025-06-16 15:21:10.770,,,,,22666,13983,22666,13983,,Off,0,Wheel,100.0,0,380,0.09,3.0,1994.0,ATL_EGY,1.080,5.200,6.967
2025-06-16 15:21:51.524,,,,,22666,13983,,,,On,10.00,Wheel,100.0,0,380,0.10,2.8,1994.0,ATL_EGY,1.080,5.200,6.967
2025-06-16 15:22:51.531,,,,,22666,13983,,,,Off,0,Wheel,100.0,0,381,0.09,2.7,1994.0,ATL_EGY,1.080,5.187,6.955
2025-06-16 15:22:51.765,91,1,,sp,22714,13981,,,,Off,0,Wheel,100.0,0,381,0.09,2.7,1994.0,ATL_EGY,1.080,5.200,6.967
2025-06-16 15:22:52.027,,,,,23339,13959,,,10000.000,Off,0,Wheel,100.0,0,380,0.09,2.7,1994.0,ATL_EGY,1.080,5.200,6.967
2025-06-16 15:22:52.447,,,,,23748,13942,23748,13942,,Off,0,Wheel,100.0,0,380,0.09,2.7,1994.0,ATL_EGY,1.080,5.200,6.967
2025-06-16 15:23:33.206,,,,,23748,13942,,,,On,10.00,Wheel,100.0,0,381,0.09,2.9,1994.0,ATL_EGY,1.080,5.200,6.967
2025-06-16 15:24:33.211,,,,,23748,13942,,,,Off,0,Wheel,100.0,0,380,0.09,2.8,1994.0,ATL_EGY,1.080,5.200,6.967
2025-06-16 15:24:34.049,92,1,,sp,23881,13303,,,,Off,0,Wheel,100.0,0,380,0.09,2.8,1994.0,ATL_EGY,1.080,5.200,6.967
2025-06-16 15:24:34.131,,,,,23881,13303,,,10000.000,Off,0,Wheel,100.0,0,380,0.09,2.9,1994.0,ATL_EGY,1.080,5.200,6.967
2025-06-16 15:24:34.287,,,,,23881,13303,23881,13303,,Off,0,Wheel,100.0,0,380,0.09,2.9,1994.0,ATL_EGY,1.080,5.200,6.967
2025-06-16 15:25:15.119,,,,,23881,13303,,,,On,10.00,Wheel,100.0,0,379,0.09,2.9,1994.0,ATL_EGY,1.080,5.200,6.967
2025-06-16 15:26:15.123,,,,,23881,13303,,,,Off,0,Wheel,100.0,0,381,0.09,2.9,1994.0,ATL_EGY,1.080,5.187,6.955
2025-06-16 15:26:15.741,93,1,,sp,22915,13234,,,,Off,0,Wheel,100.0,0,381,0.08,2.9,1994.0,ATL_EGY,1.080,5.175,6.943
2025-06-16 15:26:15.875,,,,,22190,13207,,,10000.000,Off,0,Wheel,100.0,0,380,0.08,2.9,1994.0,ATL_EGY,1.080,5.175,6.943
2025-06-16 15:26:16.747,,,,,20552,13113,20552,13113,,Off,0,Wheel,100.0,0,379,0.09,2.9,1994.0,ATL_EGY,1.080,5.162,6.932
2025-06-16 15:26:57.632,,,,,20552,13113,,,,On,10.00,Wheel,100.0,0,380,0.10,3.1,1994.0,ATL_EGY,1.080,5.200,6.967
2025-06-16 15:27:57.636,,,,,20552,13113,,,,Off,0,Wheel,100.0,0,380,0.10,2.9,1994.0,ATL_EGY,1.080,5.187,6.955
2025-06-16 15:27:58.026,94,1,,sp,20230,13219,,,,Off,0,Wheel,100.0,0,380,0.09,2.9,1994.0,ATL_EGY,1.080,5.187,6.955
2025-06-16 15:27:58.179,,,,,19820,13353,,,10000.000,Off,0,Wheel,100.0,0,380,0.09,2.8,1994.0,ATL_EGY,1.080,5.187,6.955
2025-06-16 15:27:58.482,,,,,19616,13420,19616,13420,,Off,0,Wheel,100.0,0,380,0.09,2.8,1994.0,ATL_EGY,1.080,5.187,6.955
2025-06-16 15:28:39.421,,,,,19616,13420,,,,On,10.00,Wheel,100.0,0,381,0.09,3.0,1994.0,ATL_EGY,1.080,5.200,6.967
2025-06-16 15:29:39.425,,,,,19616,13420,,,,Off,0,Wheel,100.0,0,380,0.10,2.9,1994.0,ATL_EGY,1.080,5.200,6.967
2025-06-16 15:29:40.315,95,1,,sp,18966,13406,,,,Off,0,Wheel,100.0,0,379,0.11,2.9,1994.0,ATL_EGY,1.080,5.200,6.967
2025-06-16 15:29:40.379,,,,,18966,13406,,,10000.000,Off,0,Wheel,100.0,0,379,0.10,2.9,1994.0,ATL_EGY,1.080,5.200,6.967
2025-06-16 15:29:40.551,,,,,18966,13406,18966,13406,,Off,0,Wheel,100.0,0,379,0.10,2.9,1994.0,ATL_EGY,1.080,5.200,6.967
2025-06-16 15:30:21.361,,,,,18966,13406,,,,On,10.00,Wheel,100.0,0,380,0.09,2.8,1994.0,ATL_EGY,1.080,5.200,6.967
2025-06-16 15:31:21.365,,,,,18966,13406,,,,Off,0,Wheel,100.0,0,380,0.09,2.8,1994.0,ATL_EGY,1.080,5.200,6.967
2025-06-16 15:31:21.835,96,1,,sp,19208,12881,,,,Off,0,Wheel,100.0,0,380,0.09,2.7,1994.0,ATL_EGY,1.080,5.200,6.967
2025-06-16 15:31:21.923,,,,,19248,12794,,,10000.000,Off,0,Wheel,100.0,0,380,0.09,2.7,1994.0,ATL_EGY,1.080,5.200,6.967
2025-06-16 15:31:22.075,,,,,19255,12779,19255,12779,,Off,0,Wheel,100.0,0,380,0.09,2.7,1994.0,ATL_EGY,1.080,5.200,6.967
2025-06-16 15:32:02.844,,,,,19255,12779,,,,On,10.00,Wheel,100.0,0,380,0.11,2.8,1994.0,ATL_EGY,1.080,5.200,6.967
2025-06-16 15:33:02.849,,,,,19255,12779,,,,Off,0,Wheel,100.0,0,380,0.10,2.9,1994.0,ATL_EGY,1.080,5.200,6.967
2025-06-16 15:33:03.345,97,1,,sp,19523,12339,,,,Off,0,Wheel,100.0,0,380,0.10,2.9,1994.0,ATL_EGY,1.080,5.200,6.967
2025-06-16 15:33:03.475,,,,,19538,12314,,,10000.000,Off,0,Wheel,100.0,0,380,0.10,2.9,1994.0,ATL_EGY,1.080,5.200,6.967
2025-06-16 15:33:03.641,,,,,19538,12314,19538,12314,,Off,0,Wheel,100.0,0,380,0.10,2.9,1994.0,ATL_EGY,1.080,5.200,6.967
2025-06-16 15:33:44.391,,,,,19538,12314,,,,On,10.00,Wheel,100.0,0,380,0.09,2.9,1994.0,ATL_EGY,1.080,5.200,6.967
2025-06-16 15:34:44.397,,,,,19538,12314,,,,Off,0,Wheel,100.0,0,380,0.10,2.9,1994.0,ATL_EGY,1.080,5.212,6.979
2025-06-16 15:34:44.863,98,1,,sp,20184,12381,,,,Off,0,Wheel,100.0,0,380,0.09,2.9,1994.0,ATL_EGY,1.080,5.212,6.979
2025-06-16 15:34:44.931,,,,,20487,12404,,,10000.000,Off,0,Wheel,100.0,0,380,0.09,2.9,1994.0,ATL_EGY,1.080,5.212,6.979
2025-06-16 15:34:45.675,,,,,21766,12515,21766,12515,,Off,0,Wheel,100.0,0,380,0.09,2.8,1994.0,ATL_EGY,1.080,5.200,6.967
2025-06-16 15:35:26.461,,,,,21766,12515,,,,On,10.00,Wheel,100.0,0,380,0.09,2.9,1994.0,ATL_EGY,1.080,5.200,6.967
2025-06-16 15:36:26.475,,,,,21766,12515,,,,Off,0,Wheel,100.0,0,380,0.09,2.9,1994.0,ATL_EGY,1.080,5.200,6.967
2025-06-16 15:36:27.150,99,1,,sp,22909,12573,,,,Off,0,Wheel,100.0,0,380,0.09,2.9,1994.0,ATL_EGY,1.080,5.200,6.967
2025-06-16 15:36:27.246,,,,,23006,12580,,,10000.000,Off,0,Wheel,100.0,0,380,0.09,2.9,1994.0,ATL_EGY,1.080,5.200,6.967
2025-06-16 15:36:27.437,,,,,23013,12580,23013,12580,,Off,0,Wheel,100.0,0,380,0.09,2.8,1994.0,ATL_EGY,1.080,5.200,6.967
2025-06-16 15:37:08.221,,,,,23013,12580,,,,On,10.00,Wheel,100.0,0,381,0.09,3.0,1994.0,ATL_EGY,1.080,5.200,6.967
2025-06-16 15:38:08.225,,,,,23013,12580,,,,Off,0,Wheel,100.0,0,380,0.09,2.9,1994.0,ATL_EGY,1.080,5.212,6.979
2025-06-16 15:38:08.665,100,1,,sp,22672,12056,,,,Off,0,Wheel,100.0,0,380,0.09,2.9,1994.0,ATL_EGY,1.080,5.212,6.979
2025-06-16 15:38:08.747,,,,,22482,11764,,,10000.000,Off,0,Wheel,100.0,0,380,0.09,2.8,1994.0,ATL_EGY,1.080,5.212,6.979
2025-06-16 15:38:09.167,,,,,22213,11351,22213,11351,,Off,0,Wheel,100.0,0,379,0.09,2.8,1994.0,ATL_EGY,1.080,5.212,6.979
2025-06-16 15:38:49.946,,,,,22213,11351,,,,On,10.00,Wheel,100.0,0,381,0.09,3.0,1994.0,ATL_EGY,1.080,5.200,6.967
2025-06-16 15:39:49.950,,,,,22213,11351,,,,Off,0,Wheel,100.0,0,381,0.09,2.9,1994.0,ATL_EGY,1.080,5.200,6.967
2025-06-16 15:39:50.182,101,1,,NIST610,22302,11419,,,,Off,0,Wheel,100.0,0,380,0.09,2.9,2011.7,ATL_EGY,1.080,5.200,6.967
2025-06-16 15:39:50.212,,,,,22347,11452,,,10000.000,Off,0,Wheel,100.0,0,380,0.09,2.9,2011.7,ATL_EGY,1.080,5.200,6.967
2025-06-16 15:39:57.252,,,,,81321,18901,81321,18901,,Off,0,Wheel,100.0,0,380,0.09,3.0,2011.7,ATL_EGY,1.080,5.200,7.761
2025-06-16 15:40:37.805,,,,,81321,18901,,,,On,10.00,Wheel,40.0,0,381,0.09,2.9,2011.7,ATL_EGY,1.080,5.200,7.761
2025-06-16 15:41:37.810,,,,,81321,18901,,,,Off,0,Wheel,40.0,0,380,0.09,2.9,2011.7,ATL_EGY,1.080,5.187,7.748
2025-06-16 15:41:38.618,102,1,,NIST610,80637,19100,,,,Off,0,Wheel,40.0,0,380,0.08,3.0,2011.7,ATL_EGY,1.080,5.187,7.748
2025-06-16 15:41:38.666,,,,,80637,19100,,,10000.000,Off,0,Wheel,40.0,0,380,0.09,2.9,2011.7,ATL_EGY,1.080,5.187,7.748
2025-06-16 15:41:38.794,,,,,80637,19100,80637,19100,,Off,0,Wheel,40.0,0,380,0.09,2.9,2011.7,ATL_EGY,1.080,5.187,7.748
2025-06-16 15:42:19.378,,,,,80637,19100,,,,On,10.00,Wheel,40.0,0,380,0.10,2.9,2011.7,ATL_EGY,1.080,5.200,7.761
2025-06-16 15:43:19.384,,,,,80637,19100,,,,Off,0,Wheel,40.0,0,380,0.09,2.8,2011.7,ATL_EGY,1.080,5.150,7.709
2025-06-16 15:43:20.144,103,1,,GSD-1G,79717,17105,,,,Off,0,Wheel,40.0,0,380,0.08,2.8,2011.7,ATL_EGY,1.080,5.150,7.709
2025-06-16 15:43:20.192,,,,,79581,16795,,,10000.000,Off,0,Wheel,40.0,0,380,0.08,2.8,2011.7,ATL_EGY,1.080,5.150,7.709
2025-06-16 15:43:21.110,,,,,78642,14756,78642,14756,,Off,0,Wheel,40.0,0,380,0.10,2.9,2011.7,ATL_EGY,1.080,5.137,7.695
2025-06-16 15:44:01.628,,,,,78642,14756,,,,On,10.00,Wheel,40.0,0,380,0.10,3.0,2011.7,ATL_EGY,1.080,5.200,7.761
2025-06-16 15:45:01.632,,,,,78642,14756,,,,Off,0,Wheel,40.0,0,380,0.09,3.0,2011.7,ATL_EGY,1.080,5.187,7.748
2025-06-16 15:45:18.928,104,1,,GSD-1G,81444,13398,,,,Off,0,Wheel,40.0,0,380,0.09,2.8,2011.7,ATL_EGY,1.080,5.162,7.722
2025-06-16 15:45:18.997,,,,,81444,13398,,,10000.000,Off,0,Wheel,40.0,0,380,0.09,2.8,2011.7,ATL_EGY,1.080,5.162,7.722
2025-06-16 15:45:19.144,,,,,81444,13398,81444,13398,,Off,0,Wheel,40.0,0,380,0.10,2.8,2011.7,ATL_EGY,1.080,5.162,7.722
2025-06-16 15:45:59.656,,,,,81444,13398,,,,On,10.00,Wheel,40.0,0,380,0.09,2.7,2011.7,ATL_EGY,1.080,5.300,7.866
2025-06-16 15:46:59.660,,,,,81444,13398,,,,Off,0,Wheel,40.0,0,380,0.10,2.6,2011.7,ATL_EGY,1.080,5.187,7.748
2025-06-16 15:47:25.075,105,1,,STDGL3,72825,17768,,,,Off,0,Wheel,40.0,0,379,0.10,2.8,2011.7,ATL_EGY,1.020,4.175,6.650
2025-06-16 15:47:25.139,,,,,72825,17768,,,10000.000,Off,0,Wheel,40.0,0,379,0.10,2.7,2011.7,ATL_EGY,1.020,4.175,6.650
2025-06-16 15:47:25.264,,,,,72825,17768,72825,17768,,Off,0,Wheel,40.0,0,379,0.10,2.7,2011.7,ATL_EGY,1.020,4.175,6.650
2025-06-16 15:48:05.720,,,,,72825,17768,,,,On,10.00,Wheel,40.0,0,379,0.09,2.8,2011.7,ATL_EGY,1.020,4.300,6.790
2025-06-16 15:49:05.738,,,,,72825,17768,,,,Off,0,Wheel,40.0,0,380,0.08,2.8,2011.7,ATL_EGY,1.010,4.200,6.678
2025-06-16 15:49:06.230,106,1,,STDGL3,73537,17871,,,,Off,0,Wheel,40.0,0,380,0.08,2.8,2011.7,ATL_EGY,1.010,4.200,6.678
2025-06-16 15:49:06.337,,,,,74033,17919,,,10000.000,Off,0,Wheel,40.0,0,380,0.08,2.8,2011.7,ATL_EGY,1.010,4.200,6.678
2025-06-16 15:49:07.410,,,,,76592,18173,76592,18173,,Off,0,Wheel,40.0,0,380,0.10,2.9,2011.7,ATL_EGY,1.010,4.187,6.664
2025-06-16 15:49:47.930,,,,,76592,18173,,,,On,10.00,Wheel,40.0,0,379,0.11,3.1,2011.7,ATL_EGY,1.010,4.200,6.678
2025-06-16 15:50:47.936,,,,,76592,18173,,,,Off,0,Wheel,40.0,0,379,0.08,2.9,2011.7,ATL_EGY,1.010,4.237,6.720
2025-06-16 15:50:48.530,107,1,,Po724,77505,17747,,,,Off,0,Wheel,40.0,0,379,0.09,2.9,1968.2,ATL_EGY,1.010,4.237,6.720
2025-06-16 15:50:48.653,,,,,78145,17578,,,10000.000,Off,0,Wheel,40.0,0,379,0.09,2.9,1968.2,ATL_EGY,1.010,4.237,6.720
2025-06-16 15:50:52.856,,,,,108966,12884,108966,12884,,Off,0,Wheel,40.0,0,379,0.09,2.8,1968.2,ATL_EGY,1.010,4.225,6.706
2025-06-16 15:51:33.382,,,,,108966,12884,,,,On,10.00,Wheel,40.0,0,380,0.09,2.9,1968.2,ATL_EGY,1.010,4.200,6.678
2025-06-16 15:52:33.389,,,,,108966,12884,,,,Off,0,Wheel,40.0,0,380,0.08,2.8,1968.2,ATL_EGY,1.010,4.225,6.706
2025-06-16 15:52:33.875,108,1,,Po724,108582,13467,,,,Off,0,Wheel,40.0,0,380,0.08,2.9,1968.2,ATL_EGY,1.010,4.225,6.706
2025-06-16 15:52:33.951,,,,,108384,13768,,,10000.000,Off,0,Wheel,40.0,0,380,0.09,2.9,1968.2,ATL_EGY,1.010,4.225,6.706
2025-06-16 15:52:34.497,,,,,107919,14475,107919,14475,,Off,0,Wheel,40.0,0,380,0.09,2.8,1968.2,ATL_EGY,1.010,4.225,6.706
2025-06-16 15:53:15.070,,,,,107919,14475,,,,On,10.00,Wheel,40.0,0,380,0.09,2.9,1968.2,ATL_EGY,1.010,4.200,6.678
2025-06-16 15:54:15.078,,,,,107919,14475,,,,Off,0,Wheel,40.0,0,380,0.09,2.9,1968.2,ATL_EGY,1.010,4.187,6.664
2025-06-16 15:54:41.169,109,1,,sp,20204,11539,,,,Off,0,Wheel,40.0,0,380,0.08,2.9,1994.0,ATL_EGY,1.090,5.237,7.003
2025-06-16 15:54:41.249,,,,,20204,11539,,,10000.000,Off,0,Wheel,40.0,0,380,0.09,2.9,1994.0,ATL_EGY,1.090,5.237,7.003
2025-06-16 15:54:41.369,,,,,20204,11539,20204,11539,,Off,0,Wheel,40.0,0,380,0.08,2.9,1994.0,ATL_EGY,1.090,5.237,7.003
2025-06-16 15:55:22.080,,,,,20204,11539,,,,On,10.00,Wheel,100.0,0,380,0.08,2.7,1994.0,ATL_EGY,1.090,5.300,7.062
2025-06-16 15:56:22.087,,,,,20204,11539,,,,Off,0,Wheel,100.0,0,380,0.09,3.1,1994.0,ATL_EGY,1.080,5.187,6.956
2025-06-16 15:56:22.307,110,1,,sp,20166,11518,,,,Off,0,Wheel,100.0,0,380,0.08,3.1,1994.0,ATL_EGY,1.080,5.212,6.979
2025-06-16 15:56:22.613,,,,,19386,11081,,,10000.000,Off,0,Wheel,100.0,0,380,0.08,3.1,1994.0,ATL_EGY,1.080,5.212,6.979
2025-06-16 15:56:23.147,,,,,18728,10713,18728,10713,,Off,0,Wheel,100.0,0,380,0.08,3.0,1994.0,ATL_EGY,1.080,5.225,6.991
2025-06-16 15:57:03.950,,,,,18728,10713,,,,On,10.00,Wheel,100.0,0,381,0.09,2.9,1994.0,ATL_EGY,1.080,5.300,7.062
2025-06-16 15:58:03.956,,,,,18728,10713,,,,Off,0,Wheel,100.0,0,381,0.08,2.9,1994.0,ATL_EGY,1.080,5.200,6.968
2025-06-16 15:58:04.592,111,1,,sp,19327,9829,,,,Off,0,Wheel,100.0,0,381,0.09,2.8,1994.0,ATL_EGY,1.080,5.212,6.979
2025-06-16 15:58:04.690,,,,,19373,9761,,,10000.000,Off,0,Wheel,100.0,0,380,0.09,2.8,1994.0,ATL_EGY,1.080,5.212,6.979
2025-06-16 15:58:04.830,,,,,19373,9761,19373,9761,,Off,0,Wheel,100.0,0,380,0.09,2.8,1994.0,ATL_EGY,1.080,5.212,6.979
2025-06-16 15:58:45.651,,,,,19373,9761,,,,On,10.00,Wheel,100.0,0,379,0.09,3.1,1994.0,ATL_EGY,1.080,5.300,7.062
2025-06-16 15:59:45.666,,,,,19373,9761,,,,Off,0,Wheel,100.0,0,379,0.09,2.9,1994.0,ATL_EGY,1.080,5.175,6.944
2025-06-16 15:59:46.110,112,1,,sp,19456,9406,,,,Off,0,Wheel,100.0,0,379,0.08,2.9,1994.0,ATL_EGY,1.080,5.175,6.944
2025-06-16 15:59:46.225,,,,,19457,9400,,,10000.000,Off,0,Wheel,100.0,0,379,0.08,2.9,1994.0,ATL_EGY,1.080,5.175,6.944
2025-06-16 15:59:46.384,,,,,19457,9400,19457,9400,,Off,0,Wheel,100.0,0,379,0.08,2.9,1994.0,ATL_EGY,1.080,5.175,6.944
2025-06-16 16:00:27.185,,,,,19457,9400,,,,On,10.00,Wheel,100.0,0,380,0.10,3.0,1994.0,ATL_EGY,1.080,5.200,6.968
2025-06-16 16:01:27.189,,,,,19457,9400,,,,Off,0,Wheel,100.0,0,380,0.09,2.8,1994.0,ATL_EGY,1.080,5.187,6.956
2025-06-16 16:01:27.637,113,1,,sp,19969,9451,,,,Off,0,Wheel,100.0,0,380,0.09,2.8,1994.0,ATL_EGY,1.080,5.187,6.956
2025-06-16 16:01:27.729,,,,,20038,9458,,,10000.000,Off,0,Wheel,100.0,0,380,0.09,2.9,1994.0,ATL_EGY,1.080,5.187,6.956
2025-06-16 16:01:27.883,,,,,20049,9459,20049,9459,,Off,0,Wheel,100.0,0,380,0.09,2.9,1994.0,ATL_EGY,1.080,5.187,6.956
2025-06-16 16:02:08.724,,,,,20049,9459,,,,On,10.00,Wheel,100.0,0,380,0.10,2.9,1994.0,ATL_EGY,1.080,5.200,6.968
2025-06-16 16:03:08.739,,,,,20049,9459,,,,Off,0,Wheel,100.0,0,380,0.09,3.0,1994.0,ATL_EGY,1.085,5.288,7.050
2025-06-16 16:03:09.143,114,1,,sp,19979,9884,,,,Off,0,Wheel,100.0,0,380,0.09,3.0,1994.0,ATL_EGY,1.084,5.300,7.062
2025-06-16 16:03:09.297,,,,,19955,10025,,,10000.000,Off,0,Wheel,100.0,0,380,0.09,3.0,1994.0,ATL_EGY,1.084,5.300,7.062
2025-06-16 16:03:09.431,,,,,19955,10025,19955,10025,,Off,0,Wheel,100.0,0,380,0.09,3.0,1994.0,ATL_EGY,1.084,5.300,7.062
2025-06-16 16:03:50.235,,,,,19955,10025,,,,On,10.00,Wheel,100.0,0,380,0.10,3.0,1994.0,ATL_EGY,1.080,5.400,7.156
2025-06-16 16:04:50.251,,,,,19955,10025,,,,Off,0,Wheel,100.0,0,380,0.09,2.9,1994.0,ATL_EGY,1.080,5.162,6.932
2025-06-16 16:04:50.657,115,1,,sp,20291,10303,,,,Off,0,Wheel,100.0,0,381,0.10,3.0,1994.0,ATL_EGY,1.080,5.162,6.932
2025-06-16 16:04:50.841,,,,,20363,10362,,,10000.000,Off,0,Wheel,100.0,0,380,0.09,3.0,1994.0,ATL_EGY,1.080,5.162,6.932
2025-06-16 16:04:51.023,,,,,20363,10362,20363,10362,,Off,0,Wheel,100.0,0,380,0.09,3.0,1994.0,ATL_EGY,1.080,5.162,6.932
2025-06-16 16:05:31.827,,,,,20363,10362,,,,On,10.00,Wheel,100.0,0,380,0.08,2.9,1994.0,ATL_EGY,1.080,5.200,6.968
2025-06-16 16:06:31.831,,,,,20363,10362,,,,Off,0,Wheel,100.0,0,380,0.09,3.0,1994.0,ATL_EGY,1.080,5.187,6.956
2025-06-16 16:06:32.175,116,1,,sp,20613,10298,,,,Off,0,Wheel,100.0,0,380,0.09,3.0,1994.0,ATL_EGY,1.080,5.187,6.956
2025-06-16 16:06:32.310,,,,,21003,10199,,,10000.000,Off,0,Wheel,100.0,0,380,0.09,3.1,1994.0,ATL_EGY,1.080,5.187,6.956
2025-06-16 16:06:32.853,,,,,21712,10018,21712,10018,,Off,0,Wheel,100.0,0,380,0.09,2.9,1994.0,ATL_EGY,1.080,5.187,6.956
2025-06-16 16:07:13.685,,,,,21712,10018,,,,On,10.00,Wheel,100.0,0,380,0.09,3.1,1994.0,ATL_EGY,1.080,5.200,6.968
2025-06-16 16:08:13.689,,,,,21712,10018,,,,Off,0,Wheel,100.0,0,381,0.10,2.9,1994.0,ATL_EGY,1.080,5.237,7.003
2025-06-16 16:08:14.461,117,1,,sp,21719,9675,,,,Off,0,Wheel,100.0,0,381,0.10,2.9,1994.0,ATL_EGY,1.080,5.237,7.003
2025-06-16 16:08:14.511,,,,,21719,9675,,,10000.000,Off,0,Wheel,100.0,0,381,0.10,2.8,1994.0,ATL_EGY,1.080,5.237,7.003
2025-06-16 16:08:14.653,,,,,21719,9675,21719,9675,,Off,0,Wheel,100.0,0,381,0.10,2.8,1994.0,ATL_EGY,1.080,5.237,7.003
2025-06-16 16:08:55.445,,,,,21719,9675,,,,On,10.00,Wheel,100.0,0,380,0.10,2.9,1994.0,ATL_EGY,1.080,5.300,7.062
2025-06-16 16:09:55.449,,,,,21719,9675,,,,Off,0,Wheel,100.0,0,380,0.09,3.1,1994.0,ATL_EGY,1.080,5.187,6.956
2025-06-16 16:09:55.979,118,1,,sp,22659,10066,,,,Off,0,Wheel,100.0,0,381,0.10,3.1,1994.0,ATL_EGY,1.080,5.187,6.956
2025-06-16 16:09:56.095,,,,,23076,10240,,,10000.000,Off,0,Wheel,100.0,0,381,0.09,3.2,1994.0,ATL_EGY,1.080,5.187,6.956
2025-06-16 16:09:56.543,,,,,23531,10429,23531,10429,,Off,0,Wheel,100.0,0,381,0.09,3.0,1994.0,ATL_EGY,1.080,5.187,6.956
2025-06-16 16:10:37.353,,,,,23531,10429,,,,On,10.00,Wheel,100.0,0,380,0.10,3.0,1994.0,ATL_EGY,1.080,5.200,6.968
2025-06-16 16:11:37.357,,,,,23531,10429,,,,Off,0,Wheel,100.0,0,381,0.09,2.9,1994.0,ATL_EGY,1.080,5.200,6.968
2025-06-16 16:11:37.519,119,1,,sp,23523,10408,,,,Off,0,Wheel,100.0,0,380,0.09,2.9,1994.0,ATL_EGY,1.080,5.200,6.968
2025-06-16 16:11:37.583,,,,,23501,10345,,,10000.000,Off,0,Wheel,100.0,0,380,0.09,3.0,1994.0,ATL_EGY,1.080,5.200,6.968
2025-06-16 16:11:38.407,,,,,23021,9000,23021,9000,,Off,0,Wheel,100.0,0,380,0.09,2.9,1994.0,ATL_EGY,1.080,5.200,6.968
2025-06-16 16:12:19.251,,,,,23021,9000,,,,On,10.00,Wheel,100.0,0,380,0.09,2.9,1994.0,ATL_EGY,1.080,5.300,7.062
2025-06-16 16:13:19.255,,,,,23021,9000,,,,Off,0,Wheel,100.0,0,381,0.09,2.8,1994.0,ATL_EGY,1.080,5.200,6.968
2025-06-16 16:13:19.801,120,1,,sp,22447,9145,,,,Off,0,Wheel,100.0,0,381,0.09,2.9,1994.0,ATL_EGY,1.080,5.200,6.968
2025-06-16 16:13:19.924,,,,,22398,9157,,,10000.000,Off,0,Wheel,100.0,0,381,0.09,2.8,1994.0,ATL_EGY,1.080,5.200,6.968
2025-06-16 16:13:20.091,,,,,22398,9157,22398,9157,,Off,0,Wheel,100.0,0,381,0.09,2.9,1994.0,ATL_EGY,1.080,5.200,6.968
2025-06-16 16:14:00.899,,,,,22398,9157,,,,On,10.00,Wheel,100.0,0,380,0.10,2.8,1994.0,ATL_EGY,1.080,5.200,6.968
2025-06-16 16:15:00.910,,,,,22398,9157,,,,Off,0,Wheel,100.0,0,379,0.09,3.0,1994.0,ATL_EGY,1.080,5.187,6.956
2025-06-16 16:15:01.314,121,1,,sp,22065,9005,,,,Off,0,Wheel,100.0,0,379,0.09,3.0,1994.0,ATL_EGY,1.080,5.187,6.956
2025-06-16 16:15:01.532,,,,,21867,8915,,,10000.000,Off,0,Wheel,100.0,0,380,0.09,3.0,1994.0,ATL_EGY,1.080,5.187,6.956
2025-06-16 16:15:01.652,,,,,21867,8915,21867,8915,,Off,0,Wheel,100.0,0,380,0.10,2.9,1994.0,ATL_EGY,1.080,5.187,6.956
2025-06-16 16:15:42.476,,,,,21867,8915,,,,On,10.00,Wheel,100.0,0,380,0.09,3.0,1994.0,ATL_EGY,1.080,5.200,6.968
2025-06-16 16:16:42.480,,,,,21867,8915,,,,Off,0,Wheel,100.0,0,381,0.09,3.0,1994.0,ATL_EGY,1.080,5.200,6.968
2025-06-16 16:16:42.830,122,1,,sp,21607,8871,,,,Off,0,Wheel,100.0,0,381,0.09,3.1,1994.0,ATL_EGY,1.080,5.200,6.968
2025-06-16 16:16:43.000,,,,,21335,8825,,,10000.000,Off,0,Wheel,100.0,0,381,0.09,3.1,1994.0,ATL_EGY,1.080,5.200,6.968
2025-06-16 16:16:43.170,,,,,21306,8820,21306,8820,,Off,0,Wheel,100.0,0,380,0.09,3.0,1994.0,ATL_EGY,1.080,5.200,6.968
2025-06-16 16:17:24.079,,,,,21306,8820,,,,On,10.00,Wheel,100.0,0,380,0.11,3.0,1994.0,ATL_EGY,1.080,5.200,6.968
2025-06-16 16:18:24.086,,,,,21306,8820,,,,Off,0,Wheel,100.0,0,380,0.09,2.8,1994.0,ATL_EGY,1.080,5.212,6.979
2025-06-16 16:18:24.346,123,1,,sp,21172,8922,,,,Off,0,Wheel,100.0,0,380,0.09,2.9,1994.0,ATL_EGY,1.080,5.200,6.968
2025-06-16 16:18:24.632,,,,,20557,9392,,,10000.000,Off,0,Wheel,100.0,0,379,0.09,2.9,1994.0,ATL_EGY,1.080,5.200,6.968
2025-06-16 16:18:24.814,,,,,20494,9440,20494,9440,,Off,0,Wheel,100.0,0,379,0.09,2.9,1994.0,ATL_EGY,1.080,5.200,6.968
2025-06-16 16:19:05.650,,,,,20494,9440,,,,On,10.00,Wheel,100.0,0,380,0.09,2.8,1994.0,ATL_EGY,1.080,5.300,7.062
2025-06-16 16:20:05.658,,,,,20494,9440,,,,Off,0,Wheel,100.0,0,380,0.09,2.9,1994.0,ATL_EGY,1.080,5.225,6.991
2025-06-16 16:20:05.864,124,1,,sp,20461,9420,,,,Off,0,Wheel,100.0,0,380,0.09,2.9,1994.0,ATL_EGY,1.080,5.212,6.979
2025-06-16 16:20:05.948,,,,,20382,9374,,,10000.000,Off,0,Wheel,100.0,0,380,0.09,2.9,1994.0,ATL_EGY,1.080,5.212,6.979
2025-06-16 16:20:06.560,,,,,19587,8903,19587,8903,,Off,0,Wheel,100.0,0,380,0.09,2.9,1994.0,ATL_EGY,1.080,5.212,6.979
2025-06-16 16:20:47.354,,,,,19587,8903,,,,On,10.00,Wheel,100.0,0,380,0.09,2.9,1994.0,ATL_EGY,1.080,5.200,6.968
2025-06-16 16:21:47.358,,,,,19587,8903,,,,Off,0,Wheel,100.0,0,380,0.09,3.0,1994.0,ATL_EGY,1.079,5.212,6.979
2025-06-16 16:21:48.152,125,1,,sp,20115,8891,,,,Off,0,Wheel,100.0,0,380,0.09,3.0,1994.0,ATL_EGY,1.078,5.225,6.991
2025-06-16 16:21:48.273,,,,,20115,8891,,,10000.000,Off,0,Wheel,100.0,0,380,0.09,2.9,1994.0,ATL_EGY,1.078,5.225,6.991
2025-06-16 16:21:48.422,,,,,20115,8891,20115,8891,,Off,0,Wheel,100.0,0,380,0.09,2.9,1994.0,ATL_EGY,1.078,5.225,6.991
2025-06-16 16:22:29.228,,,,,20115,8891,,,,On,10.00,Wheel,100.0,0,379,0.09,2.9,1994.0,ATL_EGY,1.070,5.300,7.062
2025-06-16 16:23:29.234,,,,,20115,8891,,,,Off,0,Wheel,100.0,0,381,0.09,2.8,1994.0,ATL_EGY,1.080,5.200,6.968
2025-06-16 16:23:29.668,126,1,,sp,19796,8452,,,,Off,0,Wheel,100.0,0,381,0.08,2.9,1994.0,ATL_EGY,1.080,5.200,6.968
2025-06-16 16:23:29.797,,,,,19650,8252,,,10000.000,Off,0,Wheel,100.0,0,381,0.08,2.9,1994.0,ATL_EGY,1.080,5.200,6.968
2025-06-16 16:23:29.958,,,,,19619,8209,19619,8209,,Off,0,Wheel,100.0,0,381,0.08,2.9,1994.0,ATL_EGY,1.080,5.200,6.968
2025-06-16 16:24:10.771,,,,,19619,8209,,,,On,10.00,Wheel,100.0,0,381,0.10,2.9,1994.0,ATL_EGY,1.080,5.300,7.062
2025-06-16 16:25:10.774,,,,,19619,8209,,,,Off,0,Wheel,100.0,0,380,0.09,2.9,1994.0,ATL_EGY,1.080,5.187,6.956
2025-06-16 16:25:27.695,127,1,,sp,20832,8343,,,,Off,0,Wheel,100.0,0,380,0.09,2.9,1994.0,ATL_EGY,1.081,5.175,6.944
2025-06-16 16:25:27.775,,,,,20832,8343,,,10000.000,Off,0,Wheel,100.0,0,380,0.09,3.0,1994.0,ATL_EGY,1.081,5.175,6.944
2025-06-16 16:25:27.921,,,,,20832,8343,20832,8343,,Off,0,Wheel,100.0,0,380,0.09,2.9,1994.0,ATL_EGY,1.081,5.175,6.944
2025-06-16 16:26:08.616,,,,,20832,8343,,,,On,10.00,Wheel,100.0,0,380,0.09,3.0,1994.0,ATL_EGY,1.090,5.200,6.968
2025-06-16 16:27:08.622,,,,,20832,8343,,,,Off,0,Wheel,100.0,0,380,0.09,3.0,1994.0,ATL_EGY,1.080,5.200,6.968
2025-06-16 16:27:08.842,128,1,,sp,20890,8333,,,,Off,0,Wheel,100.0,0,380,0.09,2.9,1994.0,ATL_EGY,1.080,5.200,6.968
2025-06-16 16:27:09.148,,,,,21406,8240,,,10000.000,Off,0,Wheel,100.0,0,380,0.09,2.9,1994.0,ATL_EGY,1.080,5.200,6.968
2025-06-16 16:27:09.336,,,,,21425,8237,21425,8237,,Off,0,Wheel,100.0,0,380,0.09,2.9,1994.0,ATL_EGY,1.080,5.200,6.968
2025-06-16 16:27:50.108,,,,,21425,8237,,,,On,10.00,Wheel,100.0,0,380,0.09,2.9,1994.0,ATL_EGY,1.080,5.300,7.062
2025-06-16 16:28:50.114,,,,,21425,8237,,,,Off,0,Wheel,100.0,0,379,0.09,2.8,1994.0,ATL_EGY,1.080,5.200,6.968
2025-06-16 16:28:50.360,129,1,,sp,21537,8251,,,,Off,0,Wheel,100.0,0,379,0.09,2.8,1994.0,ATL_EGY,1.080,5.200,6.968
2025-06-16 16:28:50.612,,,,,21970,8304,,,10000.000,Off,0,Wheel,100.0,0,379,0.09,2.7,1994.0,ATL_EGY,1.080,5.200,6.968
2025-06-16 16:28:50.746,,,,,21989,8306,21989,8306,,Off,0,Wheel,100.0,0,379,0.09,2.7,1994.0,ATL_EGY,1.080,5.200,6.968
2025-06-16 16:29:31.497,,,,,21989,8306,,,,On,10.00,Wheel,100.0,0,380,0.09,3.0,1994.0,ATL_EGY,1.080,5.300,7.062
2025-06-16 16:30:31.503,,,,,21989,8306,,,,Off,0,Wheel,100.0,0,380,0.09,2.9,1994.0,ATL_EGY,1.080,5.237,7.003
2025-06-16 16:30:31.879,130,1,,sp,22358,8367,,,,Off,0,Wheel,100.0,0,381,0.10,3.0,1994.0,ATL_EGY,1.080,5.225,6.991
2025-06-16 16:30:31.999,,,,,22521,8393,,,10000.000,Off,0,Wheel,100.0,0,380,0.10,2.9,1994.0,ATL_EGY,1.080,5.225,6.991
2025-06-16 16:30:32.151,,,,,22549,8398,22549,8398,,Off,0,Wheel,100.0,0,380,0.10,2.9,1994.0,ATL_EGY,1.080,5.225,6.991
2025-06-16 16:31:12.941,,,,,22549,8398,,,,On,10.00,Wheel,100.0,0,381,0.10,2.9,1994.0,ATL_EGY,1.080,5.200,6.968
2025-06-16 16:32:12.945,,,,,22549,8398,,,,Off,0,Wheel,100.0,0,380,0.09,3.1,1994.0,ATL_EGY,1.080,5.212,6.979
2025-06-16 16:32:13.395,131,1,,sp,22977,8553,,,,Off,0,Wheel,100.0,0,380,0.10,3.0,1994.0,ATL_EGY,1.080,5.212,6.979
2025-06-16 16:32:13.575,,,,,23051,8580,,,10000.000,Off,0,Wheel,100.0,0,380,0.10,2.9,1994.0,ATL_EGY,1.080,5.212,6.979
2025-06-16 16:32:13.751,,,,,23051,8580,23051,8580,,Off,0,Wheel,100.0,0,380,0.10,2.9,1994.0,ATL_EGY,1.080,5.212,6.979
2025-06-16 16:32:54.598,,,,,23051,8580,,,,On,10.00,Wheel,100.0,0,381,0.10,2.9,1994.0,ATL_EGY,1.080,5.200,6.968
2025-06-16 16:33:54.603,,,,,23051,8580,,,,Off,0,Wheel,100.0,0,381,0.10,3.0,1994.0,ATL_EGY,1.080,5.212,6.979
2025-06-16 16:33:54.909,132,1,,sp,23188,8677,,,,Off,0,Wheel,100.0,0,381,0.11,2.9,1994.0,ATL_EGY,1.080,5.225,6.991
2025-06-16 16:33:55.219,,,,,23523,8912,,,10000.000,Off,0,Wheel,100.0,0,381,0.11,2.8,1994.0,ATL_EGY,1.080,5.225,6.991
2025-06-16 16:33:55.341,,,,,23523,8912,23523,8912,,Off,0,Wheel,100.0,0,381,0.11,2.7,1994.0,ATL_EGY,1.080,5.225,6.991
2025-06-16 16:34:36.173,,,,,23523,8912,,,,On,10.00,Wheel,100.0,0,381,0.10,2.9,1994.0,ATL_EGY,1.080,5.300,7.062
2025-06-16 16:35:36.180,,,,,23523,8912,,,,Off,0,Wheel,100.0,0,380,0.08,2.9,1994.0,ATL_EGY,1.080,5.250,7.015
2025-06-16 16:35:36.426,133,1,,sp,23447,8928,,,,Off,0,Wheel,100.0,0,379,0.08,2.9,1994.0,ATL_EGY,1.080,5.250,7.015
2025-06-16 16:35:36.703,,,,,22684,9074,,,10000.000,Off,0,Wheel,100.0,0,380,0.08,2.9,1994.0,ATL_EGY,1.080,5.250,7.015
2025-06-16 16:35:38.040,,,,,18802,9596,18802,9596,,Off,0,Wheel,100.0,0,380,0.08,3.0,1994.0,ATL_EGY,1.080,5.250,7.015
2025-06-16 16:36:18.879,,,,,18802,9596,,,,On,10.00,Wheel,100.0,0,380,0.10,2.8,1994.0,ATL_EGY,1.070,5.200,6.968
2025-06-16 16:37:18.889,,,,,18802,9596,,,,Off,0,Wheel,100.0,0,380,0.09,2.8,1994.0,ATL_EGY,1.080,5.200,6.968
2025-06-16 16:37:19.479,134,1,,sp,17865,9867,,,,Off,0,Wheel,100.0,0,380,0.09,2.8,1994.0,ATL_EGY,1.080,5.200,6.968
2025-06-16 16:37:19.557,,,,,17588,9947,,,10000.000,Off,0,Wheel,100.0,0,380,0.09,2.8,1994.0,ATL_EGY,1.080,5.200,6.968
2025-06-16 16:37:20.003,,,,,17199,10059,17199,10059,,Off,0,Wheel,100.0,0,380,0.10,2.8,1994.0,ATL_EGY,1.080,5.200,6.968
2025-06-16 16:38:00.883,,,,,17199,10059,,,,On,10.00,Wheel,100.0,0,380,0.11,2.9,1994.0,ATL_EGY,1.080,5.300,7.062
2025-06-16 16:39:00.887,,,,,17199,10059,,,,Off,0,Wheel,100.0,0,380,0.09,2.8,1994.0,ATL_EGY,1.070,5.237,7.003
2025-06-16 16:39:01.771,135,1,,sp,17303,12556,,,,Off,0,Wheel,100.0,0,380,0.09,2.7,1994.0,ATL_EGY,1.070,5.237,7.003
2025-06-16 16:39:01.865,,,,,17318,12890,,,10000.000,Off,0,Wheel,100.0,0,380,0.09,2.7,1994.0,ATL_EGY,1.070,5.237,7.003
2025-06-16 16:39:02.345,,,,,17354,13366,17354,13366,,Off,0,Wheel,100.0,0,380,0.09,2.7,1994.0,ATL_EGY,1.070,5.237,7.003
2025-06-16 16:39:43.197,,,,,17354,13366,,,,On,10.00,Wheel,100.0,0,380,0.09,2.8,1994.0,ATL_EGY,1.070,5.200,6.968
2025-06-16 16:40:43.201,,,,,17354,13366,,,,Off,0,Wheel,100.0,0,379,0.10,2.8,1994.0,ATL_EGY,1.080,5.200,6.968
2025-06-16 16:40:44.051,136,1,,sp,17223,14701,,,,Off,0,Wheel,100.0,0,380,0.09,2.9,1994.0,ATL_EGY,1.080,5.200,6.968
2025-06-16 16:40:44.170,,,,,17222,14709,,,10000.000,Off,0,Wheel,100.0,0,380,0.09,3.0,1994.0,ATL_EGY,1.080,5.200,6.968
2025-06-16 16:40:44.305,,,,,17222,14709,17222,14709,,Off,0,Wheel,100.0,0,380,0.09,3.0,1994.0,ATL_EGY,1.080,5.200,6.968
2025-06-16 16:41:25.103,,,,,17222,14709,,,,On,10.00,Wheel,100.0,0,380,0.09,2.9,1994.0,ATL_EGY,1.080,5.300,7.062
2025-06-16 16:42:25.120,,,,,17222,14709,,,,Off,0,Wheel,100.0,0,380,0.09,3.0,1994.0,ATL_EGY,1.080,5.250,7.015
2025-06-16 16:42:25.570,137,1,,sp,17540,15233,,,,Off,0,Wheel,100.0,0,381,0.09,2.9,1994.0,ATL_EGY,1.080,5.263,7.027
2025-06-16 16:42:25.784,,,,,17885,15800,,,10000.000,Off,0,Wheel,100.0,0,381,0.09,2.9,1994.0,ATL_EGY,1.080,5.263,7.027
2025-06-16 16:42:26.018,,,,,17951,15908,17951,15908,,Off,0,Wheel,100.0,0,381,0.09,2.9,1994.0,ATL_EGY,1.080,5.263,7.027
2025-06-16 16:43:06.811,,,,,17951,15908,,,,On,10.00,Wheel,100.0,0,381,0.09,3.0,1994.0,ATL_EGY,1.080,5.300,7.062
2025-06-16 16:44:06.818,,,,,17951,15908,,,,Off,0,Wheel,100.0,0,379,0.10,3.0,1994.0,ATL_EGY,1.080,5.175,6.944
2025-06-16 16:44:07.088,138,1,,sp,17862,16020,,,,Off,0,Wheel,100.0,0,379,0.09,2.9,1994.0,ATL_EGY,1.080,5.187,6.956
2025-06-16 16:44:07.318,,,,,17378,16629,,,10000.000,Off,0,Wheel,100.0,0,379,0.09,3.0,1994.0,ATL_EGY,1.080,5.187,6.956
2025-06-16 16:44:07.890,,,,,16756,17411,16756,17411,,Off,0,Wheel,100.0,0,380,0.09,3.0,1994.0,ATL_EGY,1.080,5.187,6.956
2025-06-16 16:44:48.674,,,,,16756,17411,,,,On,10.00,Wheel,100.0,0,380,0.09,3.0,1994.0,ATL_EGY,1.080,5.200,6.968
2025-06-16 16:45:48.678,,,,,16756,17411,,,,Off,0,Wheel,100.0,0,381,0.09,2.9,1994.0,ATL_EGY,1.078,5.237,7.003
2025-06-16 16:45:49.372,139,1,,sp,16029,17117,,,,Off,0,Wheel,100.0,0,381,0.09,2.8,1994.0,ATL_EGY,1.076,5.250,7.015
2025-06-16 16:45:49.444,,,,,16029,17117,,,10000.000,Off,0,Wheel,100.0,0,381,0.09,2.8,1994.0,ATL_EGY,1.076,5.250,7.015
2025-06-16 16:45:49.626,,,,,16029,17117,16029,17117,,Off,0,Wheel,100.0,0,381,0.09,2.9,1994.0,ATL_EGY,1.076,5.250,7.015
2025-06-16 16:46:30.468,,,,,16029,17117,,,,On,10.00,Wheel,100.0,0,381,0.09,2.9,1994.0,ATL_EGY,1.070,5.300,7.062
2025-06-16 16:47:30.474,,,,,16029,17117,,,,Off,0,Wheel,100.0,0,380,0.09,2.9,1994.0,ATL_EGY,1.080,5.225,6.991
2025-06-16 16:47:30.888,140,1,,sp,16179,16686,,,,Off,0,Wheel,100.0,0,381,0.09,2.8,1994.0,ATL_EGY,1.080,5.225,6.991
2025-06-16 16:47:30.974,,,,,16291,16366,,,10000.000,Off,0,Wheel,100.0,0,381,0.09,2.8,1994.0,ATL_EGY,1.080,5.225,6.991
2025-06-16 16:47:31.814,,,,,16856,14747,16856,14747,,Off,0,Wheel,100.0,0,380,0.09,2.8,1994.0,ATL_EGY,1.080,5.225,6.991
2025-06-16 16:48:12.631,,,,,16856,14747,,,,On,10.00,Wheel,100.0,0,380,0.10,2.7,1994.0,ATL_EGY,1.080,5.200,6.968
2025-06-16 16:49:12.638,,,,,16856,14747,,,,Off,0,Wheel,100.0,0,380,0.10,3.0,1994.0,ATL_EGY,1.080,5.200,6.968
2025-06-16 16:49:13.175,141,1,,sp,16244,14500,,,,Off,0,Wheel,100.0,0,380,0.09,3.0,1994.0,ATL_EGY,1.080,5.200,6.968
2025-06-16 16:49:13.254,,,,,15940,14377,,,10000.000,Off,0,Wheel,100.0,0,380,0.09,3.0,1994.0,ATL_EGY,1.080,5.200,6.968
2025-06-16 16:49:13.804,,,,,15235,14092,15235,14092,,Off,0,Wheel,100.0,0,380,0.09,2.9,1994.0,ATL_EGY,1.080,5.200,6.968
2025-06-16 16:49:54.636,,,,,15235,14092,,,,On,10.00,Wheel,100.0,0,380,0.09,2.8,1994.0,ATL_EGY,1.080,5.300,7.062
2025-06-16 16:50:54.652,,,,,15235,14092,,,,Off,0,Wheel,100.0,0,381,0.09,2.6,1994.0,ATL_EGY,1.080,5.225,6.991
2025-06-16 16:50:55.456,142,1,,sp,13422,15091,,,,Off,0,Wheel,100.0,0,380,0.09,2.7,1994.0,ATL_EGY,1.080,5.225,6.991
2025-06-16 16:50:55.536,,,,,13254,15183,,,10000.000,Off,0,Wheel,100.0,0,381,0.09,2.7,1994.0,ATL_EGY,1.080,5.225,6.991
2025-06-16 16:50:55.812,,,,,13109,15263,13109,15263,,Off,0,Wheel,100.0,0,381,0.09,2.7,1994.0,ATL_EGY,1.080,5.225,6.991
2025-06-16 16:51:36.548,,,,,13109,15263,,,,On,10.00,Wheel,100.0,0,380,0.10,2.8,1994.0,ATL_EGY,1.080,5.200,6.968
2025-06-16 16:52:36.552,,,,,13109,15263,,,,Off,0,Wheel,100.0,0,380,0.09,3.0,1994.0,ATL_EGY,1.080,5.237,7.003
2025-06-16 16:52:37.020,143,1,,sp,12660,15385,,,,Off,0,Wheel,100.0,0,380,0.09,2.9,1994.0,ATL_EGY,1.080,5.237,7.003
2025-06-16 16:52:37.092,,,,,12419,15450,,,10000.000,Off,0,Wheel,100.0,0,380,0.09,2.9,1994.0,ATL_EGY,1.080,5.237,7.003
2025-06-16 16:52:38.464,,,,,8376,16382,8376,16382,,Off,0,Wheel,100.0,0,380,0.08,3.0,1994.0,ATL_EGY,1.080,5.237,7.003
2025-06-16 16:53:19.304,,,,,8376,16382,,,,On,10.00,Wheel,100.0,0,380,0.09,2.9,1994.0,ATL_EGY,1.080,5.200,6.968
2025-06-16 16:54:19.312,,,,,8376,16382,,,,Off,0,Wheel,100.0,0,380,0.09,2.9,1994.0,ATL_EGY,1.070,5.225,6.991
2025-06-16 16:54:20.076,144,1,,sp,9919,14375,,,,Off,0,Wheel,100.0,0,380,0.09,2.9,1994.0,ATL_EGY,1.070,5.225,6.991
2025-06-16 16:54:20.160,,,,,10349,13807,,,10000.000,Off,0,Wheel,100.0,0,380,0.09,2.9,1994.0,ATL_EGY,1.070,5.225,6.991
2025-06-16 16:54:21.622,,,,,13888,8875,13888,8875,,Off,0,Wheel,100.0,0,381,0.10,2.9,1994.0,ATL_EGY,1.070,5.225,6.991
2025-06-16 16:55:02.380,,,,,13888,8875,,,,On,10.00,Wheel,100.0,0,379,0.09,3.0,1994.0,ATL_EGY,1.070,5.200,6.968
2025-06-16 16:56:02.384,,,,,13888,8875,,,,Off,0,Wheel,100.0,0,381,0.10,2.9,1994.0,ATL_EGY,1.070,5.237,7.003
2025-06-16 16:56:19.643,145,1,,sp,14465,9373,,,,Off,0,Wheel,100.0,0,381,0.09,3.0,1994.0,ATL_EGY,1.073,5.125,6.897
2025-06-16 16:56:19.861,,,,,14465,9373,,,10000.000,Off,0,Wheel,100.0,0,381,0.08,2.9,1994.0,ATL_EGY,1.073,5.125,6.897
2025-06-16 16:56:19.995,,,,,14465,9373,14465,9373,,Off,0,Wheel,100.0,0,381,0.08,2.9,1994.0,ATL_EGY,1.074,5.125,6.897
2025-06-16 16:57:00.774,,,,,14465,9373,,,,On,10.00,Wheel,100.0,0,380,0.09,3.0,1994.0,ATL_EGY,1.080,5.100,6.873
2025-06-16 16:58:00.778,,,,,14465,9373,,,,Off,0,Wheel,100.0,0,379,0.09,2.8,1994.0,ATL_EGY,1.070,5.212,6.979
2025-06-16 16:58:01.568,146,1,,sp,16579,8509,,,,Off,0,Wheel,100.0,0,379,0.10,2.9,1994.0,ATL_EGY,1.070,5.200,6.968
2025-06-16 16:58:01.656,,,,,16948,8359,,,10000.000,Off,0,Wheel,100.0,0,380,0.09,3.0,1994.0,ATL_EGY,1.070,5.200,6.968
2025-06-16 16:58:02.212,,,,,17652,8071,17652,8071,,Off,0,Wheel,100.0,0,380,0.09,2.9,1994.0,ATL_EGY,1.070,5.200,6.968
2025-06-16 16:58:43.022,,,,,17652,8071,,,,On,10.00,Wheel,100.0,0,380,0.09,3.0,1994.0,ATL_EGY,1.070,5.200,6.968
2025-06-16 16:59:43.026,,,,,17652,8071,,,,Off,0,Wheel,100.0,0,380,0.10,2.9,1994.0,ATL_EGY,1.080,5.200,6.968
2025-06-16 16:59:43.842,147,1,,sp,19108,8684,,,,Off,0,Wheel,100.0,0,380,0.10,3.0,1994.0,ATL_EGY,1.080,5.200,6.968
2025-06-16 16:59:43.902,,,,,19142,8698,,,10000.000,Off,0,Wheel,100.0,0,380,0.10,3.0,1994.0,ATL_EGY,1.080,5.200,6.968
2025-06-16 16:59:44.038,,,,,19146,8700,19146,8700,,Off,0,Wheel,100.0,0,380,0.10,3.0,1994.0,ATL_EGY,1.080,5.200,6.968
2025-06-16 17:00:24.826,,,,,19146,8700,,,,On,10.00,Wheel,100.0,0,381,0.09,2.8,1994.0,ATL_EGY,1.080,5.300,7.062
2025-06-16 17:01:24.830,,,,,19146,8700,,,,Off,0,Wheel,100.0,0,381,0.09,3.0,1994.0,ATL_EGY,1.080,5.187,6.956
2025-06-16 17:01:25.356,148,1,,NIST610,19785,9086,,,,Off,0,Wheel,100.0,0,380,0.09,2.9,2011.7,ATL_EGY,1.080,5.187,6.956
2025-06-16 17:01:25.430,,,,,20077,9194,,,10000.000,Off,0,Wheel,100.0,0,380,0.09,2.9,2011.7,ATL_EGY,1.080,5.187,6.956
2025-06-16 17:01:32.790,,,,,81841,19118,81841,19118,,Off,0,Wheel,100.0,0,380,0.09,2.7,2011.7,ATL_EGY,1.080,5.200,7.762
2025-06-16 17:02:13.342,,,,,81841,19118,,,,On,10.00,Wheel,40.0,0,380,0.10,3.0,2011.7,ATL_EGY,1.080,5.200,7.762
2025-06-16 17:03:13.346,,,,,81841,19118,,,,Off,0,Wheel,40.0,0,380,0.10,2.9,2011.7,ATL_EGY,1.070,5.200,7.762
2025-06-16 17:03:13.788,149,1,,NIST610,81299,19216,,,,Off,0,Wheel,40.0,0,380,0.10,2.8,2011.7,ATL_EGY,1.070,5.200,7.762
2025-06-16 17:03:13.908,,,,,81006,19269,,,10000.000,Off,0,Wheel,40.0,0,380,0.09,2.7,2011.7,ATL_EGY,1.070,5.200,7.762
2025-06-16 17:03:14.186,,,,,80837,19300,80837,19300,,Off,0,Wheel,40.0,0,379,0.10,2.8,2011.7,ATL_EGY,1.070,5.200,7.762
2025-06-16 17:03:54.707,,,,,80837,19300,,,,On,10.00,Wheel,40.0,0,380,0.10,3.1,2011.7,ATL_EGY,1.070,5.200,7.762
2025-06-16 17:04:54.710,,,,,80837,19300,,,,Off,0,Wheel,40.0,0,380,0.10,2.9,2011.7,ATL_EGY,1.080,5.187,7.749
2025-06-16 17:04:55.304,150,1,,GSD-1G,80399,18063,,,,Off,0,Wheel,40.0,0,380,0.09,2.9,2011.7,ATL_EGY,1.080,5.200,7.762
2025-06-16 17:04:55.362,,,,,80276,17712,,,10000.000,Off,0,Wheel,40.0,0,380,0.09,3.0,2011.7,ATL_EGY,1.080,5.200,7.762
2025-06-16 17:04:56.430,,,,,79391,15119,79391,15119,,Off,0,Wheel,40.0,0,380,0.10,3.0,2011.7,ATL_EGY,1.080,5.200,7.762
2025-06-16 17:05:37.031,,,,,79391,15119,,,,On,10.00,Wheel,40.0,0,380,0.10,2.8,2011.7,ATL_EGY,1.080,5.200,7.762
2025-06-16 17:06:37.037,,,,,79391,15119,,,,Off,0,Wheel,40.0,0,381,0.09,3.0,2011.7,ATL_EGY,1.075,5.175,7.736
2025-06-16 17:06:37.589,151,1,,GSD-1G,80104,14584,,,,Off,0,Wheel,40.0,0,381,0.10,3.0,2011.7,ATL_EGY,1.076,5.175,7.736
2025-06-16 17:06:37.667,,,,,80423,14344,,,10000.000,Off,0,Wheel,40.0,0,381,0.10,3.0,2011.7,ATL_EGY,1.076,5.175,7.736
2025-06-16 17:06:38.263,,,,,81248,13723,81248,13723,,Off,0,Wheel,40.0,0,380,0.10,3.0,2011.7,ATL_EGY,1.076,5.175,7.736
2025-06-16 17:07:18.807,,,,,81248,13723,,,,On,10.00,Wheel,40.0,0,380,0.09,2.9,2011.7,ATL_EGY,1.080,5.200,7.762
2025-06-16 17:08:18.813,,,,,81248,13723,,,,Off,0,Wheel,40.0,0,380,0.09,2.9,2011.7,ATL_EGY,1.080,5.162,7.722
2025-06-16 17:08:44.871,152,1,,STDGL3,72345,18398,,,,Off,0,Wheel,40.0,0,380,0.11,2.9,2011.7,ATL_EGY,1.010,4.200,6.677
2025-06-16 17:08:44.928,,,,,72345,18398,,,10000.000,Off,0,Wheel,40.0,0,380,0.10,2.9,2011.7,ATL_EGY,1.010,4.200,6.677
2025-06-16 17:08:45.061,,,,,72345,18398,72345,18398,,Off,0,Wheel,40.0,0,380,0.10,2.9,2011.7,ATL_EGY,1.010,4.200,6.677
2025-06-16 17:09:25.579,,,,,72345,18398,,,,On,10.00,Wheel,40.0,0,381,0.08,3.1,2011.7,ATL_EGY,1.010,4.300,6.789
2025-06-16 17:10:25.588,,,,,72345,18398,,,,Off,0,Wheel,40.0,0,380,0.10,2.9,2011.7,ATL_EGY,1.010,4.200,6.677
2025-06-16 17:10:26.017,153,1,,STDGL3,72781,18398,,,,Off,0,Wheel,40.0,0,380,0.10,2.9,2011.7,ATL_EGY,1.010,4.200,6.677
2025-06-16 17:10:26.202,,,,,73504,18398,,,10000.000,Off,0,Wheel,40.0,0,380,0.09,2.8,2011.7,ATL_EGY,1.010,4.200,6.677
2025-06-16 17:10:27.450,,,,,76935,18398,76935,18398,,Off,0,Wheel,40.0,0,379,0.10,2.9,2011.7,ATL_EGY,1.010,4.200,6.677
2025-06-16 17:11:08.051,,,,,76935,18398,,,,On,10.00,Wheel,40.0,0,380,0.08,2.9,2011.7,ATL_EGY,1.010,4.200,6.677
2025-06-16 17:12:08.057,,,,,76935,18398,,,,Off,0,Wheel,40.0,0,380,0.09,3.0,2011.7,ATL_EGY,1.010,4.187,6.663
2025-06-16 17:12:08.301,154,1,,Po724,77056,18319,,,,Off,0,Wheel,40.0,0,380,0.10,3.0,1970.3,ATL_EGY,1.010,4.187,6.663
2025-06-16 17:12:08.607,,,,,78000,17936,,,10000.000,Off,0,Wheel,40.0,0,379,0.10,3.0,1968.2,ATL_EGY,1.010,4.187,6.663
2025-06-16 17:12:12.919,,,,,109674,13197,109674,13197,,Off,0,Wheel,40.0,0,380,0.10,3.0,1968.2,ATL_EGY,1.010,4.187,6.663
2025-06-16 17:12:53.443,,,,,109674,13197,,,,On,10.00,Wheel,40.0,0,380,0.09,2.7,1968.2,ATL_EGY,1.010,4.300,6.789
2025-06-16 17:13:53.448,,,,,109674,13197,,,,Off,0,Wheel,40.0,0,380,0.09,3.0,1968.2,ATL_EGY,1.010,4.200,6.677
2025-06-16 17:13:53.658,155,1,,Po724,109618,13235,,,,Off,0,Wheel,40.0,0,379,0.09,2.9,1968.2,ATL_EGY,1.010,4.200,6.677
2025-06-16 17:13:53.740,,,,,109498,13316,,,10000.000,Off,0,Wheel,40.0,0,379,0.09,2.8,1968.2,ATL_EGY,1.010,4.200,6.677
2025-06-16 17:13:54.581,,,,,108031,14307,108031,14307,,Off,0,Wheel,40.0,0,380,0.09,2.8,1968.2,ATL_EGY,1.010,4.200,6.677
2025-06-16 17:14:35.125,,,,,108031,14307,,,,On,10.00,Wheel,40.0,0,381,0.09,2.9,1968.2,ATL_EGY,1.010,4.300,6.789
2025-06-16 17:15:35.129,,,,,108031,14307,,,,Off,0,Wheel,40.0,0,380,0.09,2.9,1968.2,ATL_EGY,1.010,4.225,6.705
2025-06-16 17:15:40.140,,,,,108031,14307,,,,Off,0,Wheel,40.0,0,380,0.09,3.0,1968.2,ATL_EGY,1.010,4.200,6.677
